Top_Order,dataset,source_feature,Selection_Frequency,ROC_AUC_Drop_Mean,PR_AUC_Drop_Mean,MCC_Drop_Mean,Balanced_Accuracy_Drop_Mean,Brier_Increase_Mean,LogLoss_Increase_Mean,Permutation_Rank,Mean_Absolute_SHAP,SHAP_Share_Mean,SHAP_Rank
1,German Credit,status,1.0,0.10102516487765005,0.12958572882483843,0.1714270840560218,0.09250821249898734,0.030567552822477567,0.07783607335248761,1.0,0.9807438611984253,0.19876594483852386,1.0
2,German Credit,duration,1.0,0.03271507919300712,0.05655746008808775,0.059907350988294514,0.03168847784001996,0.011585487776272368,0.02746391724068109,2.0,0.4597580337524414,0.09311876684427262,3.0
3,German Credit,purpose,1.0,0.022949049153660663,0.03344984385382296,0.04006576200560513,0.021343525305363733,0.00752176479226129,0.020463943332495575,3.0,0.5880120420455932,0.11909480005502701,2.0
4,German Credit,amount,1.0,0.022796274457703068,0.0325883525188727,0.04696117381567331,0.024220160764025157,0.0074282875822162964,0.018582159292464994,4.0,0.4550452733039856,0.09224913030862808,4.0
5,German Credit,credit_history,1.0,0.017463835481693533,0.027109609161400806,0.030275671567238874,0.016636300615126297,0.006051806556061748,0.01569032897562821,5.0,0.4416409933567047,0.08929428547620773,5.0
6,German Credit,savings,1.0,0.014911696310769905,0.03629493424253442,0.03085437653385905,0.01633717624468951,0.006019295249827781,0.013010968060566987,6.0,0.36256596326828006,0.07356653183698654,6.0
7,German Credit,employment_duration,1.0,0.007996990547039794,0.010675259341316808,0.01357281009081049,0.007746568122417557,0.0025431229830807367,0.006824347488647599,7.0,0.3495809984207153,0.07072789043188095,7.0
8,German Credit,other_installment_plans,1.0,0.007334295196499691,0.003147260850258929,0.008854480730864527,0.004922694651758613,0.0016592353388770501,0.006729268059253168,8.0,0.1994311684370041,0.04048445597290993,10.0
9,German Credit,other_debtors,0.92,0.006344481691262164,0.0076877406142953205,0.010712802627718898,0.005035178853326812,0.002251628981863397,0.005726158197870448,9.0,0.11912604749202728,0.024084231331944466,14.0
10,German Credit,age,0.8,0.004209507551102526,0.0070635669421062475,0.004497236762203483,0.003145838821091633,0.0013255438884580643,0.003931034513607979,10.0,0.20453982472419738,0.041525656878948214,9.0
1,Australian Credit Approval,a8,1.0,0.2471659492647205,0.20068110962001243,0.40929864781231,0.21329840431748753,0.15882740584953378,0.4165508310044018,1.0,2.138422102928162,0.36573736906051635,1.0
2,Australian Credit Approval,a14,1.0,0.01404993052601813,0.006532072709695742,0.029220560005299295,0.013135475529053316,0.00977544679628742,0.030134799471872222,2.0,0.6236802840232849,0.1065929564833641,2.0
3,Australian Credit Approval,a10,1.0,0.0076246695400434585,0.005228586758006554,0.03405664140207114,0.016942141905272722,0.00613522421415645,0.016004482310723066,3.0,0.4725812458992004,0.08084638878703117,6.0
4,Australian Credit Approval,a3,1.0,0.005931780733758035,0.008492807306163084,0.008021432425966677,0.00412726083842984,0.004043882084869626,0.012314782410146835,4.0,0.5176020324230194,0.08836246460676193,5.0
5,Australian Credit Approval,a5,1.0,0.003200950146580581,0.007987852434732134,0.007691268763681773,0.005334232361527618,0.002352360317412123,0.007483655976929536,5.0,0.5618027222156524,0.09607856318354607,3.0
6,Australian Credit Approval,a4,1.0,0.0022442309705079906,0.0024661385378647225,0.01087908291955273,0.005386209545877326,0.002498539874616916,0.005917975428292285,6.0,0.28040038466453554,0.04786608412861824,8.0
7,Australian Credit Approval,a9,1.0,0.002116700287507342,-0.0018104654055254772,0.016848303747110053,0.008938716313236117,0.002168789055394523,0.003875770470507332,7.0,0.026415561847388743,0.004525689552538097,11.0
8,Australian Credit Approval,a7,1.0,0.0017213979400620403,0.003781994103125194,-0.0008340104306345833,0.0009998582799633465,0.0015243310761321855,0.006040280549109815,8.0,0.5180707597732543,0.08848008632659912,4.0
9,Australian Credit Approval,a12,0.88,0.00048505503100592046,0.0010497051604010724,-0.0009143555840692105,-0.00048782546917275127,0.0006411177917964698,0.0019033045112340058,9.0,0.0597512549161911,0.010215672198683023,10.0
10,Australian Credit Approval,a13,0.04,6.960950764006757e-05,4.037380155860859e-05,0.0006909815205135414,0.00036332767402376745,0.00012283117426881813,0.00038005558966449396,10.0,0.017193844318389894,0.003072967827320099,12.0
1,Taiwan Credit Card Default,pay_0,1.0,0.08053583722685057,0.19757410390687344,0.18383861855396536,0.08649523815717278,0.029473592514824936,0.06893109206851059,1.0,0.5119741106033325,0.25800183057785037,1.0
2,Taiwan Credit Card Default,limit_bal,1.0,0.015485345116129446,0.0127544721835761,0.00895989854578755,0.008665196774590102,0.0020769218709428463,0.007023598074798609,2.0,0.21979327976703644,0.1107541236281395,2.0
3,Taiwan Credit Card Default,bill_amt1,0.76,0.01338885122479512,0.013439041734421262,0.00393558114398839,0.006227542540860467,0.0020453741078048705,0.0071137079546695955,3.0,0.14880019605159758,0.0748695808649063,3.0
4,Taiwan Credit Card Default,pay_amt1,1.0,0.007178654279624964,0.006089886470292798,0.002839136879772681,0.00780081005516579,0.0011555531354255392,0.00377924014133143,4.0,0.10503126710653304,0.052898446023464205,5.0
5,Taiwan Credit Card Default,pay_amt3,1.0,0.0068283912851784855,0.0061802947744990285,0.0019156317696215736,0.006056188233324869,0.0009737210139015475,0.003233221636424285,5.0,0.0981913784146309,0.049481656849384305,7.0
6,Taiwan Credit Card Default,pay_amt4,1.0,0.006100797688346281,0.005540822050605898,0.0030002604278128496,0.00689369286762545,0.0009473497646434696,0.0030370179727894865,6.0,0.0844629806280136,0.042576373517513276,9.0
7,Taiwan Credit Card Default,pay_amt2,1.0,0.005605920040660128,0.004318326906847855,0.004104441030727085,0.007089378920231737,0.0009391867561550008,0.0029424283428837955,7.0,0.09896601855754852,0.0498975045979023,6.0
8,Taiwan Credit Card Default,pay_2,1.0,0.005491875151911161,0.011522807424684057,0.011585421040225252,0.009114368310727592,0.001897340556595624,0.0049281469403231635,8.0,0.10607070237398147,0.053460257202386854,4.0
9,Taiwan Credit Card Default,pay_3,1.0,0.004416495540732415,0.007983532793108213,0.007360215501492644,0.0055846665054563645,0.0013702586480937124,0.003546929770853639,9.0,0.09060713827610016,0.04564624041318893,8.0
10,Taiwan Credit Card Default,education,1.0,0.003448513263829908,0.004062891588005,0.0019080675113120327,0.0015500600348162736,0.0006298176217222015,0.002050401207711982,10.0,0.05536129146814346,0.02790195696055889,12.0
