dataset,run_id,repeat,fold,threshold_strategy,selected_threshold,threshold,accuracy,precision_adverse,recall_adverse,specificity,f1_adverse,balanced_accuracy,mcc,gmean,tn,fp,fn,tp,cost_FN1_FP1,cost_FN2_FP1,cost_FN5_FP1,cost_FN10_FP1,cost_FN1_FP1_per100,cost_FN2_FP1_per100,cost_FN5_FP1_per100,cost_FN10_FP1_per100,reference_recall_adverse,reference_precision_adverse,reference_f1_adverse,reference_balanced_accuracy,reference_mcc,reference_gmean,reference_cost_FN1_FP1_per100,reference_cost_FN2_FP1_per100,reference_cost_FN5_FP1_per100,reference_cost_FN10_FP1_per100,delta_recall_adverse,delta_precision_adverse,delta_f1_adverse,delta_balanced_accuracy,delta_mcc,delta_gmean,delta_cost_FN1_FP1_per100,delta_cost_FN2_FP1_per100,delta_cost_FN5_FP1_per100,delta_cost_FN10_FP1_per100
German Credit,R1_F1,1,1,Fixed0.50,0.5,0.5,0.79,0.7777777777777778,0.5223880597014925,0.924812030075188,0.625,0.7236000448883402,0.5054672217104351,0.6950616965274203,123,10,32,35,42,74,170,330,21.0,37.0,85.0,165.0,0.5223880597014925,0.7777777777777778,0.625,0.7236000448883402,0.5054672217104351,0.6950616965274203,21.0,37.0,85.0,165.0,0.0,0.0,0.0,0.0,0.0,0.0,0.0,0.0,0.0,0.0
German Credit,R1_F1,1,1,MaxMCC,0.3329236335468272,0.3329236335468272,0.74,0.5824175824175825,0.7910447761194029,0.7142857142857143,0.6708860759493671,0.7526652452025586,0.47896610413851276,0.7516860933544206,95,38,14,53,52,66,108,178,26.0,33.0,54.0,89.0,0.5223880597014925,0.7777777777777778,0.625,0.7236000448883402,0.5054672217104351,0.6950616965274203,21.0,37.0,85.0,165.0,0.26865671641791045,-0.19536019536019533,0.04588607594936711,0.029065200314218442,-0.02650111757192236,0.05662439682700027,5.0,-4.0,-31.0,-76.0
German Credit,R1_F1,1,1,MaxF1,0.3329236335468272,0.3329236335468272,0.74,0.5824175824175825,0.7910447761194029,0.7142857142857143,0.6708860759493671,0.7526652452025586,0.47896610413851276,0.7516860933544206,95,38,14,53,52,66,108,178,26.0,33.0,54.0,89.0,0.5223880597014925,0.7777777777777778,0.625,0.7236000448883402,0.5054672217104351,0.6950616965274203,21.0,37.0,85.0,165.0,0.26865671641791045,-0.19536019536019533,0.04588607594936711,0.029065200314218442,-0.02650111757192236,0.05662439682700027,5.0,-4.0,-31.0,-76.0
German Credit,R1_F1,1,1,MaxBalancedAccuracy,0.3329236335468272,0.3329236335468272,0.74,0.5824175824175825,0.7910447761194029,0.7142857142857143,0.6708860759493671,0.7526652452025586,0.47896610413851276,0.7516860933544206,95,38,14,53,52,66,108,178,26.0,33.0,54.0,89.0,0.5223880597014925,0.7777777777777778,0.625,0.7236000448883402,0.5054672217104351,0.6950616965274203,21.0,37.0,85.0,165.0,0.26865671641791045,-0.19536019536019533,0.04588607594936711,0.029065200314218442,-0.02650111757192236,0.05662439682700027,5.0,-4.0,-31.0,-76.0
German Credit,R1_F1,1,1,MinCost_FN2_FP1,0.3329236335468272,0.3329236335468272,0.74,0.5824175824175825,0.7910447761194029,0.7142857142857143,0.6708860759493671,0.7526652452025586,0.47896610413851276,0.7516860933544206,95,38,14,53,52,66,108,178,26.0,33.0,54.0,89.0,0.5223880597014925,0.7777777777777778,0.625,0.7236000448883402,0.5054672217104351,0.6950616965274203,21.0,37.0,85.0,165.0,0.26865671641791045,-0.19536019536019533,0.04588607594936711,0.029065200314218442,-0.02650111757192236,0.05662439682700027,5.0,-4.0,-31.0,-76.0
German Credit,R1_F1,1,1,MinCost_FN5_FP1,0.2137696982616024,0.2137696982616024,0.69,0.5206611570247934,0.9402985074626866,0.5639097744360902,0.6702127659574468,0.7521041409493885,0.4868183790431528,0.7281782194256265,75,58,4,63,62,66,78,98,31.0,33.0,39.0,49.0,0.5223880597014925,0.7777777777777778,0.625,0.7236000448883402,0.5054672217104351,0.6950616965274203,21.0,37.0,85.0,165.0,0.4179104477611941,-0.25711662075298436,0.04521276595744683,0.028504096061048312,-0.01864884266728234,0.03311652289820621,10.0,-4.0,-46.0,-116.0
German Credit,R1_F1,1,1,MinCost_FN10_FP1,0.11980800563161138,0.11980800563161138,0.555,0.42948717948717946,1.0,0.3308270676691729,0.600896860986547,0.6654135338345865,0.376942945538509,0.5751756841776023,44,89,0,67,89,89,89,89,44.5,44.5,44.5,44.5,0.5223880597014925,0.7777777777777778,0.625,0.7236000448883402,0.5054672217104351,0.6950616965274203,21.0,37.0,85.0,165.0,0.4776119402985075,-0.34829059829059833,-0.024103139013452957,-0.05818651105375372,-0.12852427617192613,-0.119886012349818,23.5,7.5,-40.5,-120.5
German Credit,R1_F2,1,2,Fixed0.50,0.5,0.5,0.785,0.5555555555555556,0.5208333333333334,0.868421052631579,0.5376344086021505,0.6946271929824561,0.39811067356605595,0.6725344835612129,132,20,23,25,43,66,135,250,21.5,33.0,67.5,125.0,0.5208333333333334,0.5555555555555556,0.5376344086021505,0.6946271929824561,0.39811067356605595,0.6725344835612129,21.5,33.0,67.5,125.0,0.0,0.0,0.0,0.0,0.0,0.0,0.0,0.0,0.0,0.0
German Credit,R1_F2,1,2,MaxMCC,0.5457183263565552,0.5457183263565552,0.795,0.6060606060606061,0.4166666666666667,0.9144736842105263,0.49382716049382713,0.6655701754385965,0.3810125770524225,0.6172768436887828,139,13,28,20,41,69,153,293,20.5,34.5,76.5,146.5,0.5208333333333334,0.5555555555555556,0.5376344086021505,0.6946271929824561,0.39811067356605595,0.6725344835612129,21.5,33.0,67.5,125.0,-0.10416666666666669,0.0505050505050505,-0.04380724810832337,-0.029057017543859587,-0.017098096513633476,-0.05525763987243015,-1.0,1.5,9.0,21.5
German Credit,R1_F2,1,2,MaxF1,0.3175129196179562,0.3175129196179562,0.715,0.4444444444444444,0.75,0.7039473684210527,0.5581395348837209,0.7269736842105263,0.3949407306748477,0.7266089225407224,107,45,12,36,57,69,105,165,28.5,34.5,52.5,82.5,0.5208333333333334,0.5555555555555556,0.5376344086021505,0.6946271929824561,0.39811067356605595,0.6725344835612129,21.5,33.0,67.5,125.0,0.22916666666666663,-0.11111111111111116,0.02050512628157042,0.03234649122807021,-0.003169942891208255,0.054074438979509476,7.0,1.5,-15.0,-42.5
German Credit,R1_F2,1,2,MaxBalancedAccuracy,0.3175129196179562,0.3175129196179562,0.715,0.4444444444444444,0.75,0.7039473684210527,0.5581395348837209,0.7269736842105263,0.3949407306748477,0.7266089225407224,107,45,12,36,57,69,105,165,28.5,34.5,52.5,82.5,0.5208333333333334,0.5555555555555556,0.5376344086021505,0.6946271929824561,0.39811067356605595,0.6725344835612129,21.5,33.0,67.5,125.0,0.22916666666666663,-0.11111111111111116,0.02050512628157042,0.03234649122807021,-0.003169942891208255,0.054074438979509476,7.0,1.5,-15.0,-42.5
German Credit,R1_F2,1,2,MinCost_FN2_FP1,0.3175129196179562,0.3175129196179562,0.715,0.4444444444444444,0.75,0.7039473684210527,0.5581395348837209,0.7269736842105263,0.3949407306748477,0.7266089225407224,107,45,12,36,57,69,105,165,28.5,34.5,52.5,82.5,0.5208333333333334,0.5555555555555556,0.5376344086021505,0.6946271929824561,0.39811067356605595,0.6725344835612129,21.5,33.0,67.5,125.0,0.22916666666666663,-0.11111111111111116,0.02050512628157042,0.03234649122807021,-0.003169942891208255,0.054074438979509476,7.0,1.5,-15.0,-42.5
German Credit,R1_F2,1,2,MinCost_FN5_FP1,0.14343911301009793,0.14343911301009793,0.515,0.3157894736842105,0.875,0.40131578947368424,0.46408839779005523,0.6381578947368421,0.2500258389921416,0.5925802188644789,61,91,6,42,97,103,121,151,48.5,51.5,60.5,75.5,0.5208333333333334,0.5555555555555556,0.5376344086021505,0.6946271929824561,0.39811067356605595,0.6725344835612129,21.5,33.0,67.5,125.0,0.35416666666666663,-0.23976608187134507,-0.07354601081209527,-0.056469298245613975,-0.14808483457391436,-0.07995426469673406,27.0,18.5,-7.0,-49.5
German Credit,R1_F2,1,2,MinCost_FN10_FP1,0.08971124129768578,0.08971124129768578,0.41,0.28125,0.9375,0.24342105263157895,0.4326923076923077,0.5904605263157895,0.1931708236387244,0.4777104110673173,37,115,3,45,118,121,130,145,59.0,60.5,65.0,72.5,0.5208333333333334,0.5555555555555556,0.5376344086021505,0.6946271929824561,0.39811067356605595,0.6725344835612129,21.5,33.0,67.5,125.0,0.41666666666666663,-0.2743055555555556,-0.1049421009098428,-0.10416666666666663,-0.20493984992733155,-0.1948240724938956,37.5,27.5,-2.5,-52.5
German Credit,R1_F3,1,3,Fixed0.50,0.5,0.5,0.76,0.6923076923076923,0.42857142857142855,0.9124087591240876,0.5294117647058824,0.670490093847758,0.39977392328872996,0.6253257753674437,125,12,36,27,48,84,192,372,24.0,42.0,96.0,186.0,0.42857142857142855,0.6923076923076923,0.5294117647058824,0.670490093847758,0.39977392328872996,0.6253257753674437,24.0,42.0,96.0,186.0,0.0,0.0,0.0,0.0,0.0,0.0,0.0,0.0,0.0,0.0
German Credit,R1_F3,1,3,MaxMCC,0.3756185763469281,0.3756185763469281,0.75,0.6,0.6190476190476191,0.8102189781021898,0.609375,0.7146332985749044,0.42572983989187757,0.7082119240039352,111,26,24,39,50,74,146,266,25.0,37.0,73.0,133.0,0.42857142857142855,0.6923076923076923,0.5294117647058824,0.670490093847758,0.39977392328872996,0.6253257753674437,24.0,42.0,96.0,186.0,0.19047619047619052,-0.09230769230769231,0.07996323529411764,0.04414320472714639,0.02595591660314761,0.08288614863649146,1.0,-5.0,-23.0,-53.0
German Credit,R1_F3,1,3,MaxF1,0.36635456919953974,0.36635456919953974,0.75,0.5970149253731343,0.6349206349206349,0.8029197080291971,0.6153846153846154,0.718920171474916,0.43090656601530725,0.7139960019581263,110,27,23,40,50,73,142,257,25.0,36.5,71.0,128.5,0.42857142857142855,0.6923076923076923,0.5294117647058824,0.670490093847758,0.39977392328872996,0.6253257753674437,24.0,42.0,96.0,186.0,0.20634920634920634,-0.09529276693455802,0.08597285067873306,0.04843007762715801,0.031132642726577286,0.08867022659068258,1.0,-5.5,-25.0,-57.5
German Credit,R1_F3,1,3,MaxBalancedAccuracy,0.36635456919953974,0.36635456919953974,0.75,0.5970149253731343,0.6349206349206349,0.8029197080291971,0.6153846153846154,0.718920171474916,0.43090656601530725,0.7139960019581263,110,27,23,40,50,73,142,257,25.0,36.5,71.0,128.5,0.42857142857142855,0.6923076923076923,0.5294117647058824,0.670490093847758,0.39977392328872996,0.6253257753674437,24.0,42.0,96.0,186.0,0.20634920634920634,-0.09529276693455802,0.08597285067873306,0.04843007762715801,0.031132642726577286,0.08867022659068258,1.0,-5.5,-25.0,-57.5
German Credit,R1_F3,1,3,MinCost_FN2_FP1,0.36635456919953974,0.36635456919953974,0.75,0.5970149253731343,0.6349206349206349,0.8029197080291971,0.6153846153846154,0.718920171474916,0.43090656601530725,0.7139960019581263,110,27,23,40,50,73,142,257,25.0,36.5,71.0,128.5,0.42857142857142855,0.6923076923076923,0.5294117647058824,0.670490093847758,0.39977392328872996,0.6253257753674437,24.0,42.0,96.0,186.0,0.20634920634920634,-0.09529276693455802,0.08597285067873306,0.04843007762715801,0.031132642726577286,0.08867022659068258,1.0,-5.5,-25.0,-57.5
German Credit,R1_F3,1,3,MinCost_FN5_FP1,0.20665612591997232,0.20665612591997232,0.645,0.4649122807017544,0.8412698412698413,0.5547445255474452,0.5988700564971752,0.6980071834086432,0.3715693209612834,0.6831470112300958,76,61,10,53,71,81,111,161,35.5,40.5,55.5,80.5,0.42857142857142855,0.6923076923076923,0.5294117647058824,0.670490093847758,0.39977392328872996,0.6253257753674437,24.0,42.0,96.0,186.0,0.41269841269841273,-0.2273954116059379,0.06945829179129281,0.027517089560885166,-0.028204602327446537,0.05782123586265209,11.5,-1.5,-40.5,-105.5
German Credit,R1_F3,1,3,MinCost_FN10_FP1,0.07297121268101275,0.07297121268101275,0.465,0.36904761904761907,0.9841269841269841,0.22627737226277372,0.5367965367965368,0.6052021781948789,0.26659724422001607,0.47189582318679446,31,106,1,62,107,108,111,116,53.5,54.0,55.5,58.0,0.42857142857142855,0.6923076923076923,0.5294117647058824,0.670490093847758,0.39977392328872996,0.6253257753674437,24.0,42.0,96.0,186.0,0.5555555555555556,-0.3232600732600732,0.007384772090654468,-0.06528791565287917,-0.1331766790687139,-0.15342995218064925,29.5,12.0,-40.5,-128.0
German Credit,R1_F4,1,4,Fixed0.50,0.5,0.5,0.74,0.7105263157894737,0.39705882352941174,0.9166666666666666,0.5094339622641509,0.6568627450980392,0.3788278707002149,0.6032997499048828,121,11,41,27,52,93,216,421,26.0,46.5,108.0,210.5,0.39705882352941174,0.7105263157894737,0.5094339622641509,0.6568627450980392,0.3788278707002149,0.6032997499048828,26.0,46.5,108.0,210.5,0.0,0.0,0.0,0.0,0.0,0.0,0.0,0.0,0.0,0.0
German Credit,R1_F4,1,4,MaxMCC,0.38669409894894957,0.38669409894894957,0.735,0.6229508196721312,0.5588235294117647,0.8257575757575758,0.5891472868217055,0.6922905525846703,0.39569179732723303,0.6793031450857203,109,23,30,38,53,83,173,323,26.5,41.5,86.5,161.5,0.39705882352941174,0.7105263157894737,0.5094339622641509,0.6568627450980392,0.3788278707002149,0.6032997499048828,26.0,46.5,108.0,210.5,0.16176470588235298,-0.0875754961173425,0.07971332455755453,0.0354278074866311,0.016863926627018133,0.07600339518083754,0.5,-5.0,-21.5,-49.0
German Credit,R1_F4,1,4,MaxF1,0.34626750439566023,0.34626750439566023,0.72,0.5857142857142857,0.6029411764705882,0.7803030303030303,0.5942028985507246,0.6916221033868093,0.3806241362683497,0.6859131337818763,103,29,27,41,56,83,164,299,28.0,41.5,82.0,149.5,0.39705882352941174,0.7105263157894737,0.5094339622641509,0.6568627450980392,0.3788278707002149,0.6032997499048828,26.0,46.5,108.0,210.5,0.20588235294117646,-0.12481203007518793,0.08476893628657367,0.03475935828877008,0.0017962655681347806,0.08261338387699357,2.0,-5.0,-26.0,-61.0
German Credit,R1_F4,1,4,MaxBalancedAccuracy,0.34626750439566023,0.34626750439566023,0.72,0.5857142857142857,0.6029411764705882,0.7803030303030303,0.5942028985507246,0.6916221033868093,0.3806241362683497,0.6859131337818763,103,29,27,41,56,83,164,299,28.0,41.5,82.0,149.5,0.39705882352941174,0.7105263157894737,0.5094339622641509,0.6568627450980392,0.3788278707002149,0.6032997499048828,26.0,46.5,108.0,210.5,0.20588235294117646,-0.12481203007518793,0.08476893628657367,0.03475935828877008,0.0017962655681347806,0.08261338387699357,2.0,-5.0,-26.0,-61.0
German Credit,R1_F4,1,4,MinCost_FN2_FP1,0.38669409894894957,0.38669409894894957,0.735,0.6229508196721312,0.5588235294117647,0.8257575757575758,0.5891472868217055,0.6922905525846703,0.39569179732723303,0.6793031450857203,109,23,30,38,53,83,173,323,26.5,41.5,86.5,161.5,0.39705882352941174,0.7105263157894737,0.5094339622641509,0.6568627450980392,0.3788278707002149,0.6032997499048828,26.0,46.5,108.0,210.5,0.16176470588235298,-0.0875754961173425,0.07971332455755453,0.0354278074866311,0.016863926627018133,0.07600339518083754,0.5,-5.0,-21.5,-49.0
German Credit,R1_F4,1,4,MinCost_FN5_FP1,0.14625068075825023,0.14625068075825023,0.59,0.4461538461538462,0.8529411764705882,0.45454545454545453,0.5858585858585859,0.6537433155080213,0.3053844814246061,0.6226560324604253,60,72,10,58,82,92,122,172,41.0,46.0,61.0,86.0,0.39705882352941174,0.7105263157894737,0.5094339622641509,0.6568627450980392,0.3788278707002149,0.6032997499048828,26.0,46.5,108.0,210.5,0.45588235294117646,-0.2643724696356275,0.07642462359443492,-0.003119429590017875,-0.07344338927560878,0.01935628255554256,15.0,-0.5,-47.0,-124.5
German Credit,R1_F4,1,4,MinCost_FN10_FP1,0.09309946812475756,0.09309946812475756,0.51,0.4025974025974026,0.9117647058823529,0.30303030303030304,0.5585585585585585,0.607397504456328,0.24178331701373879,0.5256351730200943,40,92,6,62,98,104,122,152,49.0,52.0,61.0,76.0,0.39705882352941174,0.7105263157894737,0.5094339622641509,0.6568627450980392,0.3788278707002149,0.6032997499048828,26.0,46.5,108.0,210.5,0.5147058823529411,-0.30792891319207105,0.049124596294407574,-0.049465240641711206,-0.1370445536864761,-0.07766457688478845,23.0,5.5,-47.0,-134.5
German Credit,R1_F5,1,5,Fixed0.50,0.5,0.5,0.775,0.5849056603773585,0.5740740740740741,0.8493150684931506,0.5794392523364486,0.7116945712836124,0.42590861262538904,0.6982619576794687,124,22,23,31,45,68,137,252,22.5,34.0,68.5,126.0,0.5740740740740741,0.5849056603773585,0.5794392523364486,0.7116945712836124,0.42590861262538904,0.6982619576794687,22.5,34.0,68.5,126.0,0.0,0.0,0.0,0.0,0.0,0.0,0.0,0.0,0.0,0.0
German Credit,R1_F5,1,5,MaxMCC,0.48010203016148073,0.48010203016148073,0.765,0.5636363636363636,0.5740740740740741,0.8356164383561644,0.5688073394495413,0.7048452562151193,0.4073463870167902,0.6926079216485982,122,24,23,31,47,70,139,254,23.5,35.0,69.5,127.0,0.5740740740740741,0.5849056603773585,0.5794392523364486,0.7116945712836124,0.42590861262538904,0.6982619576794687,22.5,34.0,68.5,126.0,0.0,-0.02126929674099487,-0.010631912886907235,-0.006849315068493067,-0.018562225608598826,-0.005654036030870557,1.0,1.0,1.0,1.0
German Credit,R1_F5,1,5,MaxF1,0.25963868818990804,0.25963868818990804,0.65,0.4215686274509804,0.7962962962962963,0.5958904109589042,0.5512820512820513,0.6960933536276002,0.3482996625684356,0.6888434707863995,87,59,11,43,70,81,114,169,35.0,40.5,57.0,84.5,0.5740740740740741,0.5849056603773585,0.5794392523364486,0.7116945712836124,0.42590861262538904,0.6982619576794687,22.5,34.0,68.5,126.0,0.2222222222222222,-0.16333703292637808,-0.02815720105439723,-0.01560121765601219,-0.07760895005695345,-0.009418486893069233,12.5,6.5,-11.5,-41.5
German Credit,R1_F5,1,5,MaxBalancedAccuracy,0.25963868818990804,0.25963868818990804,0.65,0.4215686274509804,0.7962962962962963,0.5958904109589042,0.5512820512820513,0.6960933536276002,0.3482996625684356,0.6888434707863995,87,59,11,43,70,81,114,169,35.0,40.5,57.0,84.5,0.5740740740740741,0.5849056603773585,0.5794392523364486,0.7116945712836124,0.42590861262538904,0.6982619576794687,22.5,34.0,68.5,126.0,0.2222222222222222,-0.16333703292637808,-0.02815720105439723,-0.01560121765601219,-0.07760895005695345,-0.009418486893069233,12.5,6.5,-11.5,-41.5
German Credit,R1_F5,1,5,MinCost_FN2_FP1,0.3159819661179658,0.3159819661179658,0.7,0.4666666666666667,0.7777777777777778,0.6712328767123288,0.5833333333333334,0.7245053272450532,0.40069355490060804,0.7225441268328877,98,48,12,42,60,72,108,168,30.0,36.0,54.0,84.0,0.5740740740740741,0.5849056603773585,0.5794392523364486,0.7116945712836124,0.42590861262538904,0.6982619576794687,22.5,34.0,68.5,126.0,0.20370370370370372,-0.1182389937106918,0.003894080996884819,0.012810755961440878,-0.025215057724780998,0.024282169153418964,7.5,2.0,-14.5,-42.0
German Credit,R1_F5,1,5,MinCost_FN5_FP1,0.1917458243067876,0.1917458243067876,0.6,0.39166666666666666,0.8703703703703703,0.5,0.5402298850574713,0.6851851851851851,0.3356401659331825,0.6596856715021066,73,73,7,47,80,87,108,143,40.0,43.5,54.0,71.5,0.5740740740740741,0.5849056603773585,0.5794392523364486,0.7116945712836124,0.42590861262538904,0.6982619576794687,22.5,34.0,68.5,126.0,0.2962962962962963,-0.1932389937106918,-0.03920936727897728,-0.026509386098427234,-0.09026844669220652,-0.038576286177362196,17.5,9.5,-14.5,-54.5
German Credit,R1_F5,1,5,MinCost_FN10_FP1,0.08149289271336912,0.08149289271336912,0.455,0.3312883435582822,1.0,0.2534246575342466,0.4976958525345622,0.6267123287671232,0.2897527135530321,0.5034130089044646,37,109,0,54,109,109,109,109,54.5,54.5,54.5,54.5,0.5740740740740741,0.5849056603773585,0.5794392523364486,0.7116945712836124,0.42590861262538904,0.6982619576794687,22.5,34.0,68.5,126.0,0.42592592592592593,-0.2536173168190763,-0.08174339980188633,-0.08498224251648911,-0.13615589907235692,-0.19484894877500414,32.0,20.5,-14.0,-71.5
German Credit,R2_F1,2,1,Fixed0.50,0.5,0.5,0.77,0.673469387755102,0.5238095238095238,0.8832116788321168,0.5892857142857143,0.7035106013208203,0.43960343555155945,0.6801725434858873,121,16,30,33,46,76,166,316,23.0,38.0,83.0,158.0,0.5238095238095238,0.673469387755102,0.5892857142857143,0.7035106013208203,0.43960343555155945,0.6801725434858873,23.0,38.0,83.0,158.0,0.0,0.0,0.0,0.0,0.0,0.0,0.0,0.0,0.0,0.0
German Credit,R2_F1,2,1,MaxMCC,0.36569929389171324,0.36569929389171324,0.77,0.6197183098591549,0.6984126984126984,0.8029197080291971,0.6567164179104478,0.7506662032209477,0.4866674581632047,0.7488453244117956,110,27,19,44,46,65,122,217,23.0,32.5,61.0,108.5,0.5238095238095238,0.673469387755102,0.5892857142857143,0.7035106013208203,0.43960343555155945,0.6801725434858873,23.0,38.0,83.0,158.0,0.17460317460317454,-0.05375107789594713,0.06743070362473347,0.04715560190012735,0.04706402261164527,0.06867278092590834,0.0,-5.5,-22.0,-49.5
German Credit,R2_F1,2,1,MaxF1,0.36569929389171324,0.36569929389171324,0.77,0.6197183098591549,0.6984126984126984,0.8029197080291971,0.6567164179104478,0.7506662032209477,0.4866674581632047,0.7488453244117956,110,27,19,44,46,65,122,217,23.0,32.5,61.0,108.5,0.5238095238095238,0.673469387755102,0.5892857142857143,0.7035106013208203,0.43960343555155945,0.6801725434858873,23.0,38.0,83.0,158.0,0.17460317460317454,-0.05375107789594713,0.06743070362473347,0.04715560190012735,0.04706402261164527,0.06867278092590834,0.0,-5.5,-22.0,-49.5
German Credit,R2_F1,2,1,MaxBalancedAccuracy,0.2338459963790671,0.2338459963790671,0.675,0.49056603773584906,0.8253968253968254,0.6058394160583942,0.6153846153846154,0.7156181207276098,0.4013552526245874,0.7071477432014226,83,54,11,52,65,76,109,164,32.5,38.0,54.5,82.0,0.5238095238095238,0.673469387755102,0.5892857142857143,0.7035106013208203,0.43960343555155945,0.6801725434858873,23.0,38.0,83.0,158.0,0.3015873015873015,-0.18290335001925295,0.026098901098901117,0.012107519406789446,-0.038248182926972074,0.026975199715535303,9.5,0.0,-28.5,-76.0
German Credit,R2_F1,2,1,MinCost_FN2_FP1,0.36569929389171324,0.36569929389171324,0.77,0.6197183098591549,0.6984126984126984,0.8029197080291971,0.6567164179104478,0.7506662032209477,0.4866674581632047,0.7488453244117956,110,27,19,44,46,65,122,217,23.0,32.5,61.0,108.5,0.5238095238095238,0.673469387755102,0.5892857142857143,0.7035106013208203,0.43960343555155945,0.6801725434858873,23.0,38.0,83.0,158.0,0.17460317460317454,-0.05375107789594713,0.06743070362473347,0.04715560190012735,0.04706402261164527,0.06867278092590834,0.0,-5.5,-22.0,-49.5
German Credit,R2_F1,2,1,MinCost_FN5_FP1,0.20321267593277526,0.20321267593277526,0.63,0.452991452991453,0.8412698412698413,0.5328467153284672,0.5888888888888889,0.6870582782991542,0.3527000405927392,0.6695280962181765,73,64,10,53,74,84,114,164,37.0,42.0,57.0,82.0,0.5238095238095238,0.673469387755102,0.5892857142857143,0.7035106013208203,0.43960343555155945,0.6801725434858873,23.0,38.0,83.0,158.0,0.31746031746031744,-0.22047793476364902,-0.0003968253968253954,-0.016452323021666104,-0.08690339495882027,-0.010644447267710744,14.0,4.0,-26.0,-76.0
German Credit,R2_F1,2,1,MinCost_FN10_FP1,0.09281962842935923,0.09281962842935923,0.505,0.38311688311688313,0.9365079365079365,0.30656934306569344,0.543778801843318,0.621538639786815,0.2683092524704418,0.5358214468188506,42,95,4,59,99,103,115,135,49.5,51.5,57.5,67.5,0.5238095238095238,0.673469387755102,0.5892857142857143,0.7035106013208203,0.43960343555155945,0.6801725434858873,23.0,38.0,83.0,158.0,0.4126984126984127,-0.2903525046382189,-0.04550691244239635,-0.08197196153400532,-0.17129418308111766,-0.14435109666703672,26.5,13.5,-25.5,-90.5
German Credit,R2_F2,2,2,Fixed0.50,0.5,0.5,0.785,0.5384615384615384,0.45652173913043476,0.8831168831168831,0.49411764705882355,0.6698193111236589,0.36075395847892977,0.6349504353380414,136,18,25,21,43,68,143,268,21.5,34.0,71.5,134.0,0.45652173913043476,0.5384615384615384,0.49411764705882355,0.6698193111236589,0.36075395847892977,0.6349504353380414,21.5,34.0,71.5,134.0,0.0,0.0,0.0,0.0,0.0,0.0,0.0,0.0,0.0,0.0
German Credit,R2_F2,2,2,MaxMCC,0.3664874005129785,0.3664874005129785,0.75,0.47058823529411764,0.6956521739130435,0.7662337662337663,0.5614035087719298,0.7309429700734049,0.41032936372871026,0.7300905321986434,118,36,14,32,50,64,106,176,25.0,32.0,53.0,88.0,0.45652173913043476,0.5384615384615384,0.49411764705882355,0.6698193111236589,0.36075395847892977,0.6349504353380414,21.5,34.0,71.5,134.0,0.2391304347826087,-0.0678733031674208,0.06728586171310624,0.06112365894974603,0.04957540524978049,0.09514009686060199,3.5,-2.0,-18.5,-46.0
German Credit,R2_F2,2,2,MaxF1,0.36410905047609643,0.36410905047609643,0.74,0.45714285714285713,0.6956521739130435,0.7532467532467533,0.5517241379310345,0.7244494635798984,0.3960656217645671,0.7238768827563468,116,38,14,32,52,66,108,178,26.0,33.0,54.0,89.0,0.45652173913043476,0.5384615384615384,0.49411764705882355,0.6698193111236589,0.36075395847892977,0.6349504353380414,21.5,34.0,71.5,134.0,0.2391304347826087,-0.08131868131868131,0.057606490872210925,0.05463015245623948,0.03531166328563734,0.08892644741830535,4.5,-1.0,-17.5,-45.0
German Credit,R2_F2,2,2,MaxBalancedAccuracy,0.36410905047609643,0.36410905047609643,0.74,0.45714285714285713,0.6956521739130435,0.7532467532467533,0.5517241379310345,0.7244494635798984,0.3960656217645671,0.7238768827563468,116,38,14,32,52,66,108,178,26.0,33.0,54.0,89.0,0.45652173913043476,0.5384615384615384,0.49411764705882355,0.6698193111236589,0.36075395847892977,0.6349504353380414,21.5,34.0,71.5,134.0,0.2391304347826087,-0.08131868131868131,0.057606490872210925,0.05463015245623948,0.03531166328563734,0.08892644741830535,4.5,-1.0,-17.5,-45.0
German Credit,R2_F2,2,2,MinCost_FN2_FP1,0.3664874005129785,0.3664874005129785,0.75,0.47058823529411764,0.6956521739130435,0.7662337662337663,0.5614035087719298,0.7309429700734049,0.41032936372871026,0.7300905321986434,118,36,14,32,50,64,106,176,25.0,32.0,53.0,88.0,0.45652173913043476,0.5384615384615384,0.49411764705882355,0.6698193111236589,0.36075395847892977,0.6349504353380414,21.5,34.0,71.5,134.0,0.2391304347826087,-0.0678733031674208,0.06728586171310624,0.06112365894974603,0.04957540524978049,0.09514009686060199,3.5,-2.0,-18.5,-46.0
German Credit,R2_F2,2,2,MinCost_FN5_FP1,0.16986710065905714,0.16986710065905714,0.555,0.3333333333333333,0.9347826086956522,0.44155844155844154,0.49142857142857144,0.6881705251270469,0.3309762562988257,0.6424649032372015,68,86,3,43,89,92,101,116,44.5,46.0,50.5,58.0,0.45652173913043476,0.5384615384615384,0.49411764705882355,0.6698193111236589,0.36075395847892977,0.6349504353380414,21.5,34.0,71.5,134.0,0.47826086956521746,-0.20512820512820512,-0.0026890756302521135,0.018351214003388017,-0.02977770218010406,0.007514467899160104,23.0,12.0,-21.0,-76.0
German Credit,R2_F2,2,2,MinCost_FN10_FP1,0.0716617569726789,0.0716617569726789,0.335,0.2542372881355932,0.9782608695652174,0.14285714285714285,0.40358744394618834,0.5605590062111802,0.15977081862008263,0.3738335897094201,22,132,1,45,133,134,137,142,66.5,67.0,68.5,71.0,0.45652173913043476,0.5384615384615384,0.49411764705882355,0.6698193111236589,0.36075395847892977,0.6349504353380414,21.5,34.0,71.5,134.0,0.5217391304347827,-0.2842242503259452,-0.09053020311263521,-0.10926030491247873,-0.20098313985884714,-0.2611168456286213,45.0,33.0,-3.0,-63.0
German Credit,R2_F3,2,3,Fixed0.50,0.5,0.5,0.73,0.627906976744186,0.4153846153846154,0.8814814814814815,0.5,0.6484330484330485,0.3384543584270825,0.6051064750552966,119,16,38,27,54,92,206,396,27.0,46.0,103.0,198.0,0.4153846153846154,0.627906976744186,0.5,0.6484330484330485,0.3384543584270825,0.6051064750552966,27.0,46.0,103.0,198.0,0.0,0.0,0.0,0.0,0.0,0.0,0.0,0.0,0.0,0.0
German Credit,R2_F3,2,3,MaxMCC,0.3911527299009214,0.3911527299009214,0.71,0.5466666666666666,0.6307692307692307,0.7481481481481481,0.5857142857142857,0.6894586894586894,0.3665915488969939,0.6869562081449092,101,34,24,41,58,82,154,274,29.0,41.0,77.0,137.0,0.4153846153846154,0.627906976744186,0.5,0.6484330484330485,0.3384543584270825,0.6051064750552966,27.0,46.0,103.0,198.0,0.21538461538461534,-0.08124031007751942,0.08571428571428574,0.04102564102564088,0.02813719046991142,0.08184973308961263,2.0,-5.0,-26.0,-61.0
German Credit,R2_F3,2,3,MaxF1,0.38535330561586933,0.38535330561586933,0.71,0.5454545454545454,0.6461538461538462,0.7407407407407407,0.5915492957746479,0.6934472934472935,0.37240739623236485,0.6918326955503611,100,35,23,42,58,81,150,265,29.0,40.5,75.0,132.5,0.4153846153846154,0.627906976744186,0.5,0.6484330484330485,0.3384543584270825,0.6051064750552966,27.0,46.0,103.0,198.0,0.23076923076923078,-0.08245243128964064,0.09154929577464788,0.045014245014245,0.03395303780528236,0.08672622049506451,2.0,-5.5,-28.0,-65.5
German Credit,R2_F3,2,3,MaxBalancedAccuracy,0.37764364603673783,0.37764364603673783,0.715,0.5512820512820513,0.6615384615384615,0.7407407407407407,0.6013986013986014,0.7011396011396012,0.3862993044129254,0.7000203497245562,100,35,22,43,57,79,145,255,28.5,39.5,72.5,127.5,0.4153846153846154,0.627906976744186,0.5,0.6484330484330485,0.3384543584270825,0.6051064750552966,27.0,46.0,103.0,198.0,0.2461538461538461,-0.07662492546213473,0.10139860139860135,0.05270655270655267,0.047844945985842935,0.0949138746692596,1.5,-6.5,-30.5,-70.5
German Credit,R2_F3,2,3,MinCost_FN2_FP1,0.3911527299009214,0.3911527299009214,0.71,0.5466666666666666,0.6307692307692307,0.7481481481481481,0.5857142857142857,0.6894586894586894,0.3665915488969939,0.6869562081449092,101,34,24,41,58,82,154,274,29.0,41.0,77.0,137.0,0.4153846153846154,0.627906976744186,0.5,0.6484330484330485,0.3384543584270825,0.6051064750552966,27.0,46.0,103.0,198.0,0.21538461538461534,-0.08124031007751942,0.08571428571428574,0.04102564102564088,0.02813719046991142,0.08184973308961263,2.0,-5.0,-26.0,-61.0
German Credit,R2_F3,2,3,MinCost_FN5_FP1,0.1635534383849564,0.1635534383849564,0.595,0.4375,0.8615384615384616,0.4666666666666667,0.5803108808290155,0.6641025641025642,0.32025630761017426,0.6340751391209737,63,72,9,56,81,90,117,162,40.5,45.0,58.5,81.0,0.4153846153846154,0.627906976744186,0.5,0.6484330484330485,0.3384543584270825,0.6051064750552966,27.0,46.0,103.0,198.0,0.4461538461538462,-0.19040697674418605,0.0803108808290155,0.015669515669515688,-0.01819805081690823,0.028968664065677108,13.5,-1.0,-44.5,-117.0
German Credit,R2_F3,2,3,MinCost_FN10_FP1,0.07514768073825483,0.07514768073825483,0.48,0.3803680981595092,0.9538461538461539,0.2518518518518518,0.543859649122807,0.6028490028490029,0.2481184042837968,0.49013051346342457,34,101,3,62,104,107,116,131,52.0,53.5,58.0,65.5,0.4153846153846154,0.627906976744186,0.5,0.6484330484330485,0.3384543584270825,0.6051064750552966,27.0,46.0,103.0,198.0,0.5384615384615385,-0.24753887858467682,0.04385964912280704,-0.04558404558404561,-0.09033595414328568,-0.11497596159187201,25.0,7.5,-45.0,-132.5
German Credit,R2_F4,2,4,Fixed0.50,0.5,0.5,0.78,0.6666666666666666,0.4827586206896552,0.9014084507042254,0.56,0.6920835356969403,0.4279816188899131,0.6596686291919382,128,14,30,28,44,74,164,314,22.0,37.0,82.0,157.0,0.4827586206896552,0.6666666666666666,0.56,0.6920835356969403,0.4279816188899131,0.6596686291919382,22.0,37.0,82.0,157.0,0.0,0.0,0.0,0.0,0.0,0.0,0.0,0.0,0.0,0.0
German Credit,R2_F4,2,4,MaxMCC,0.5053282208439034,0.5053282208439034,0.785,0.6829268292682927,0.4827586206896552,0.9084507042253521,0.5656565656565656,0.6956046624575036,0.43972066550453637,0.6622404464666719,129,13,30,28,43,73,163,313,21.5,36.5,81.5,156.5,0.4827586206896552,0.6666666666666666,0.56,0.6920835356969403,0.4279816188899131,0.6596686291919382,22.0,37.0,82.0,157.0,0.0,0.016260162601626105,0.005656565656565582,0.0035211267605633756,0.011739046614623272,0.0025718172747336565,-0.5,-0.5,-0.5,-0.5
German Credit,R2_F4,2,4,MaxF1,0.24662162882158528,0.24662162882158528,0.675,0.4666666666666667,0.8448275862068966,0.6056338028169014,0.6012269938650306,0.7252306945118989,0.4093165344709486,0.715301435591392,86,56,9,49,65,74,101,146,32.5,37.0,50.5,73.0,0.4827586206896552,0.6666666666666666,0.56,0.6920835356969403,0.4279816188899131,0.6596686291919382,22.0,37.0,82.0,157.0,0.3620689655172414,-0.19999999999999996,0.04122699386503059,0.033147158814958666,-0.018665084418964473,0.05563280639945378,10.5,0.0,-31.5,-84.0
German Credit,R2_F4,2,4,MaxBalancedAccuracy,0.24662162882158528,0.24662162882158528,0.675,0.4666666666666667,0.8448275862068966,0.6056338028169014,0.6012269938650306,0.7252306945118989,0.4093165344709486,0.715301435591392,86,56,9,49,65,74,101,146,32.5,37.0,50.5,73.0,0.4827586206896552,0.6666666666666666,0.56,0.6920835356969403,0.4279816188899131,0.6596686291919382,22.0,37.0,82.0,157.0,0.3620689655172414,-0.19999999999999996,0.04122699386503059,0.033147158814958666,-0.018665084418964473,0.05563280639945378,10.5,0.0,-31.5,-84.0
German Credit,R2_F4,2,4,MinCost_FN2_FP1,0.3506029717098704,0.3506029717098704,0.755,0.56,0.7241379310344828,0.7676056338028169,0.631578947368421,0.7458717824186498,0.4609047841037382,0.7455550653790669,109,33,16,42,49,65,113,193,24.5,32.5,56.5,96.5,0.4827586206896552,0.6666666666666666,0.56,0.6920835356969403,0.4279816188899131,0.6596686291919382,22.0,37.0,82.0,157.0,0.24137931034482757,-0.10666666666666658,0.07157894736842096,0.053788246721709565,0.0329231652138251,0.08588643618712866,2.5,-4.5,-25.5,-60.5
German Credit,R2_F4,2,4,MinCost_FN5_FP1,0.14922003318398008,0.14922003318398008,0.555,0.3851851851851852,0.896551724137931,0.4154929577464789,0.538860103626943,0.656022340942205,0.30230921933685845,0.6103367329882531,59,83,6,52,89,95,113,143,44.5,47.5,56.5,71.5,0.4827586206896552,0.6666666666666666,0.56,0.6920835356969403,0.4279816188899131,0.6596686291919382,22.0,37.0,82.0,157.0,0.41379310344827586,-0.28148148148148144,-0.02113989637305702,-0.03606119475473524,-0.12567239955305465,-0.049331896203685166,22.5,10.5,-25.5,-85.5
German Credit,R2_F4,2,4,MinCost_FN10_FP1,0.09367022015216393,0.09367022015216393,0.47,0.34810126582278483,0.9482758620689655,0.2746478873239437,0.5092592592592593,0.6114618746964546,0.24834837303472831,0.5103351468569775,39,103,3,55,106,109,118,133,53.0,54.5,59.0,66.5,0.4827586206896552,0.6666666666666666,0.56,0.6920835356969403,0.4279816188899131,0.6596686291919382,22.0,37.0,82.0,157.0,0.46551724137931033,-0.3185654008438818,-0.05074074074074075,-0.08062166100048562,-0.17963324585518478,-0.1493334823349608,31.0,17.5,-23.0,-90.5
German Credit,R2_F5,2,5,Fixed0.50,0.5,0.5,0.72,0.65,0.38235294117647056,0.8939393939393939,0.48148148148148145,0.6381461675579323,0.3272052564635805,0.5846369441852258,118,14,42,26,56,98,224,434,28.0,49.0,112.0,217.0,0.38235294117647056,0.65,0.48148148148148145,0.6381461675579323,0.3272052564635805,0.5846369441852258,28.0,49.0,112.0,217.0,0.0,0.0,0.0,0.0,0.0,0.0,0.0,0.0,0.0,0.0
German Credit,R2_F5,2,5,MaxMCC,0.4142474283538864,0.4142474283538864,0.75,0.6551724137931034,0.5588235294117647,0.8484848484848485,0.6031746031746031,0.7036541889483066,0.42521306112568086,0.6885879012026783,112,20,30,38,50,80,170,320,25.0,40.0,85.0,160.0,0.38235294117647056,0.65,0.48148148148148145,0.6381461675579323,0.3272052564635805,0.5846369441852258,28.0,49.0,112.0,217.0,0.17647058823529416,0.005172413793103403,0.12169312169312169,0.06550802139037426,0.09800780466210035,0.1039509570174525,-3.0,-9.0,-27.0,-57.0
German Credit,R2_F5,2,5,MaxF1,0.27237501292611227,0.27237501292611227,0.675,0.5161290322580645,0.7058823529411765,0.6590909090909091,0.5962732919254659,0.6824866310160428,0.3466323632009579,0.6820855090904878,87,45,20,48,65,85,145,245,32.5,42.5,72.5,122.5,0.38235294117647056,0.65,0.48148148148148145,0.6381461675579323,0.3272052564635805,0.5846369441852258,28.0,49.0,112.0,217.0,0.32352941176470595,-0.13387096774193552,0.1147918104439844,0.04434046345811049,0.01942710673737741,0.09744856490526199,4.5,-6.5,-39.5,-94.5
German Credit,R2_F5,2,5,MaxBalancedAccuracy,0.2635239107483551,0.2635239107483551,0.67,0.5104166666666666,0.7205882352941176,0.6439393939393939,0.5975609756097561,0.6822638146167558,0.3456364905778836,0.6811865761413326,85,47,19,49,66,85,142,237,33.0,42.5,71.0,118.5,0.38235294117647056,0.65,0.48148148148148145,0.6381461675579323,0.3272052564635805,0.5846369441852258,28.0,49.0,112.0,217.0,0.3382352941176471,-0.1395833333333334,0.11607949412827462,0.044117647058823484,0.018431234114303086,0.09654963195610677,5.0,-6.5,-41.0,-98.5
German Credit,R2_F5,2,5,MinCost_FN2_FP1,0.4142474283538864,0.4142474283538864,0.75,0.6551724137931034,0.5588235294117647,0.8484848484848485,0.6031746031746031,0.7036541889483066,0.42521306112568086,0.6885879012026783,112,20,30,38,50,80,170,320,25.0,40.0,85.0,160.0,0.38235294117647056,0.65,0.48148148148148145,0.6381461675579323,0.3272052564635805,0.5846369441852258,28.0,49.0,112.0,217.0,0.17647058823529416,0.005172413793103403,0.12169312169312169,0.06550802139037426,0.09800780466210035,0.1039509570174525,-3.0,-9.0,-27.0,-57.0
German Credit,R2_F5,2,5,MinCost_FN5_FP1,0.21523934563482883,0.21523934563482883,0.63,0.47413793103448276,0.8088235294117647,0.5378787878787878,0.5978260869565217,0.6733511586452763,0.33275878410006127,0.6595824585355823,71,61,13,55,74,87,126,191,37.0,43.5,63.0,95.5,0.38235294117647056,0.65,0.48148148148148145,0.6381461675579323,0.3272052564635805,0.5846369441852258,28.0,49.0,112.0,217.0,0.42647058823529416,-0.17586206896551726,0.11634460547504027,0.035204991087343984,0.0055535276364807595,0.07494551435035646,9.0,-5.5,-49.0,-121.5
German Credit,R2_F5,2,5,MinCost_FN10_FP1,0.09031345754332251,0.09031345754332251,0.49,0.39880952380952384,0.9852941176470589,0.23484848484848486,0.5677966101694916,0.6100713012477719,0.2844565171400566,0.48103516572027927,31,101,1,67,102,103,106,111,51.0,51.5,53.0,55.5,0.38235294117647056,0.65,0.48148148148148145,0.6381461675579323,0.3272052564635805,0.5846369441852258,28.0,49.0,112.0,217.0,0.6029411764705883,-0.2511904761904762,0.08631512868801011,-0.02807486631016043,-0.04274873932352391,-0.10360177846494656,23.0,2.5,-59.0,-161.5
German Credit,R3_F1,3,1,Fixed0.50,0.5,0.5,0.795,0.6666666666666666,0.48148148148148145,0.910958904109589,0.5591397849462365,0.6962201927955353,0.4397458605665948,0.6622762586107339,133,13,28,26,41,69,153,293,20.5,34.5,76.5,146.5,0.48148148148148145,0.6666666666666666,0.5591397849462365,0.6962201927955353,0.4397458605665948,0.6622762586107339,20.5,34.5,76.5,146.5,0.0,0.0,0.0,0.0,0.0,0.0,0.0,0.0,0.0,0.0
German Credit,R3_F1,3,1,MaxMCC,0.3417218257397753,0.3417218257397753,0.73,0.5,0.7407407407407407,0.726027397260274,0.5970149253731343,0.7333840690005073,0.4229985652856547,0.7333471702029315,106,40,14,40,54,68,110,180,27.0,34.0,55.0,90.0,0.48148148148148145,0.6666666666666666,0.5591397849462365,0.6962201927955353,0.4397458605665948,0.6622762586107339,20.5,34.5,76.5,146.5,0.25925925925925924,-0.16666666666666663,0.03787514042689777,0.03716387620497208,-0.0167472952809401,0.07107091159219758,6.5,-0.5,-21.5,-56.5
German Credit,R3_F1,3,1,MaxF1,0.3417218257397753,0.3417218257397753,0.73,0.5,0.7407407407407407,0.726027397260274,0.5970149253731343,0.7333840690005073,0.4229985652856547,0.7333471702029315,106,40,14,40,54,68,110,180,27.0,34.0,55.0,90.0,0.48148148148148145,0.6666666666666666,0.5591397849462365,0.6962201927955353,0.4397458605665948,0.6622762586107339,20.5,34.5,76.5,146.5,0.25925925925925924,-0.16666666666666663,0.03787514042689777,0.03716387620497208,-0.0167472952809401,0.07107091159219758,6.5,-0.5,-21.5,-56.5
German Credit,R3_F1,3,1,MaxBalancedAccuracy,0.3417218257397753,0.3417218257397753,0.73,0.5,0.7407407407407407,0.726027397260274,0.5970149253731343,0.7333840690005073,0.4229985652856547,0.7333471702029315,106,40,14,40,54,68,110,180,27.0,34.0,55.0,90.0,0.48148148148148145,0.6666666666666666,0.5591397849462365,0.6962201927955353,0.4397458605665948,0.6622762586107339,20.5,34.5,76.5,146.5,0.25925925925925924,-0.16666666666666663,0.03787514042689777,0.03716387620497208,-0.0167472952809401,0.07107091159219758,6.5,-0.5,-21.5,-56.5
German Credit,R3_F1,3,1,MinCost_FN2_FP1,0.3417218257397753,0.3417218257397753,0.73,0.5,0.7407407407407407,0.726027397260274,0.5970149253731343,0.7333840690005073,0.4229985652856547,0.7333471702029315,106,40,14,40,54,68,110,180,27.0,34.0,55.0,90.0,0.48148148148148145,0.6666666666666666,0.5591397849462365,0.6962201927955353,0.4397458605665948,0.6622762586107339,20.5,34.5,76.5,146.5,0.25925925925925924,-0.16666666666666663,0.03787514042689777,0.03716387620497208,-0.0167472952809401,0.07107091159219758,6.5,-0.5,-21.5,-56.5
German Credit,R3_F1,3,1,MinCost_FN5_FP1,0.1790984730795535,0.1790984730795535,0.585,0.3875968992248062,0.9259259259259259,0.4589041095890411,0.546448087431694,0.6924150177574835,0.35704112243976655,0.6518521401226244,67,79,4,50,83,87,99,119,41.5,43.5,49.5,59.5,0.48148148148148145,0.6666666666666666,0.5591397849462365,0.6962201927955353,0.4397458605665948,0.6622762586107339,20.5,34.5,76.5,146.5,0.4444444444444445,-0.2790697674418604,-0.012691697514542466,-0.003805175038051778,-0.08270473812682827,-0.010424118488109535,21.0,9.0,-27.0,-87.0
German Credit,R3_F1,3,1,MinCost_FN10_FP1,0.09122667108809794,0.09122667108809794,0.475,0.33962264150943394,1.0,0.2808219178082192,0.5070422535211268,0.6404109589041096,0.3088259728710857,0.5299263324351973,41,105,0,54,105,105,105,105,52.5,52.5,52.5,52.5,0.48148148148148145,0.6666666666666666,0.5591397849462365,0.6962201927955353,0.4397458605665948,0.6622762586107339,20.5,34.5,76.5,146.5,0.5185185185185186,-0.3270440251572327,-0.052097531425109755,-0.05580923389142567,-0.1309198876955091,-0.13234992617553665,32.0,18.0,-24.0,-94.0
German Credit,R3_F2,3,2,Fixed0.50,0.5,0.5,0.76,0.6875,0.5,0.8880597014925373,0.5789473684210527,0.6940298507462687,0.427248453669066,0.6663556488439702,119,15,33,33,48,81,180,345,24.0,40.5,90.0,172.5,0.5,0.6875,0.5789473684210527,0.6940298507462687,0.427248453669066,0.6663556488439702,24.0,40.5,90.0,172.5,0.0,0.0,0.0,0.0,0.0,0.0,0.0,0.0,0.0,0.0
German Credit,R3_F2,3,2,MaxMCC,0.33573301695624014,0.33573301695624014,0.74,0.5897435897435898,0.696969696969697,0.7611940298507462,0.6388888888888888,0.7290818634102216,0.441690291120268,0.7283743352975975,102,32,20,46,52,72,132,232,26.0,36.0,66.0,116.0,0.5,0.6875,0.5789473684210527,0.6940298507462687,0.427248453669066,0.6663556488439702,24.0,40.5,90.0,172.5,0.19696969696969702,-0.09775641025641024,0.059941520467836185,0.03505201266395297,0.014441837451201978,0.06201868645362729,2.0,-4.5,-24.0,-56.5
German Credit,R3_F2,3,2,MaxF1,0.33573301695624014,0.33573301695624014,0.74,0.5897435897435898,0.696969696969697,0.7611940298507462,0.6388888888888888,0.7290818634102216,0.441690291120268,0.7283743352975975,102,32,20,46,52,72,132,232,26.0,36.0,66.0,116.0,0.5,0.6875,0.5789473684210527,0.6940298507462687,0.427248453669066,0.6663556488439702,24.0,40.5,90.0,172.5,0.19696969696969702,-0.09775641025641024,0.059941520467836185,0.03505201266395297,0.014441837451201978,0.06201868645362729,2.0,-4.5,-24.0,-56.5
German Credit,R3_F2,3,2,MaxBalancedAccuracy,0.33573301695624014,0.33573301695624014,0.74,0.5897435897435898,0.696969696969697,0.7611940298507462,0.6388888888888888,0.7290818634102216,0.441690291120268,0.7283743352975975,102,32,20,46,52,72,132,232,26.0,36.0,66.0,116.0,0.5,0.6875,0.5789473684210527,0.6940298507462687,0.427248453669066,0.6663556488439702,24.0,40.5,90.0,172.5,0.19696969696969702,-0.09775641025641024,0.059941520467836185,0.03505201266395297,0.014441837451201978,0.06201868645362729,2.0,-4.5,-24.0,-56.5
German Credit,R3_F2,3,2,MinCost_FN2_FP1,0.33573301695624014,0.33573301695624014,0.74,0.5897435897435898,0.696969696969697,0.7611940298507462,0.6388888888888888,0.7290818634102216,0.441690291120268,0.7283743352975975,102,32,20,46,52,72,132,232,26.0,36.0,66.0,116.0,0.5,0.6875,0.5789473684210527,0.6940298507462687,0.427248453669066,0.6663556488439702,24.0,40.5,90.0,172.5,0.19696969696969702,-0.09775641025641024,0.059941520467836185,0.03505201266395297,0.014441837451201978,0.06201868645362729,2.0,-4.5,-24.0,-56.5
German Credit,R3_F2,3,2,MinCost_FN5_FP1,0.16451686071471724,0.16451686071471724,0.57,0.427536231884058,0.8939393939393939,0.41044776119402987,0.5784313725490197,0.6521935775667119,0.30946768107678035,0.6057354396810312,55,79,7,59,86,93,114,149,43.0,46.5,57.0,74.5,0.5,0.6875,0.5789473684210527,0.6940298507462687,0.427248453669066,0.6663556488439702,24.0,40.5,90.0,172.5,0.3939393939393939,-0.259963768115942,-0.0005159958720329927,-0.04183627317955674,-0.11778077259228564,-0.06062020916293909,19.0,6.0,-33.0,-98.0
German Credit,R3_F2,3,2,MinCost_FN10_FP1,0.10348243134336703,0.10348243134336703,0.5,0.39375,0.9545454545454546,0.27611940298507465,0.5575221238938053,0.6153324287652646,0.2711538739126848,0.5133892490413172,37,97,3,63,100,103,112,127,50.0,51.5,56.0,63.5,0.5,0.6875,0.5789473684210527,0.6940298507462687,0.427248453669066,0.6663556488439702,24.0,40.5,90.0,172.5,0.4545454545454546,-0.29375,-0.021425244527247367,-0.07869742198100405,-0.1560945797563812,-0.15296639980265303,26.0,11.0,-34.0,-109.0
German Credit,R3_F3,3,3,Fixed0.50,0.5,0.5,0.76,0.5135135135135135,0.3877551020408163,0.8807947019867549,0.4418604651162791,0.6342749020137857,0.29745186017238257,0.5844079393248217,133,18,30,19,48,78,168,318,24.0,39.0,84.0,159.0,0.3877551020408163,0.5135135135135135,0.4418604651162791,0.6342749020137857,0.29745186017238257,0.5844079393248217,24.0,39.0,84.0,159.0,0.0,0.0,0.0,0.0,0.0,0.0,0.0,0.0,0.0,0.0
German Credit,R3_F3,3,3,MaxMCC,0.4691197183091848,0.4691197183091848,0.77,0.5333333333333333,0.4897959183673469,0.8609271523178808,0.5106382978723404,0.6753615353426139,0.36122578418235873,0.6493678504645277,130,21,25,24,46,71,146,271,23.0,35.5,73.0,135.5,0.3877551020408163,0.5135135135135135,0.4418604651162791,0.6342749020137857,0.29745186017238257,0.5844079393248217,24.0,39.0,84.0,159.0,0.10204081632653061,0.01981981981981984,0.06877783275606131,0.041086633328828226,0.06377392400997617,0.064959911139706,-1.0,-3.5,-11.0,-23.5
German Credit,R3_F3,3,3,MaxF1,0.36758488540234685,0.36758488540234685,0.765,0.5151515151515151,0.6938775510204082,0.7880794701986755,0.591304347826087,0.7409785106095419,0.4408293058496567,0.7394799880936047,119,32,15,34,47,62,107,182,23.5,31.0,53.5,91.0,0.3877551020408163,0.5135135135135135,0.4418604651162791,0.6342749020137857,0.29745186017238257,0.5844079393248217,24.0,39.0,84.0,159.0,0.30612244897959184,0.0016380016380016515,0.1494438827098079,0.10670360859575623,0.14337744567727412,0.155072048768783,-0.5,-8.0,-30.5,-68.0
German Credit,R3_F3,3,3,MaxBalancedAccuracy,0.36758488540234685,0.36758488540234685,0.765,0.5151515151515151,0.6938775510204082,0.7880794701986755,0.591304347826087,0.7409785106095419,0.4408293058496567,0.7394799880936047,119,32,15,34,47,62,107,182,23.5,31.0,53.5,91.0,0.3877551020408163,0.5135135135135135,0.4418604651162791,0.6342749020137857,0.29745186017238257,0.5844079393248217,24.0,39.0,84.0,159.0,0.30612244897959184,0.0016380016380016515,0.1494438827098079,0.10670360859575623,0.14337744567727412,0.155072048768783,-0.5,-8.0,-30.5,-68.0
German Credit,R3_F3,3,3,MinCost_FN2_FP1,0.36758488540234685,0.36758488540234685,0.765,0.5151515151515151,0.6938775510204082,0.7880794701986755,0.591304347826087,0.7409785106095419,0.4408293058496567,0.7394799880936047,119,32,15,34,47,62,107,182,23.5,31.0,53.5,91.0,0.3877551020408163,0.5135135135135135,0.4418604651162791,0.6342749020137857,0.29745186017238257,0.5844079393248217,24.0,39.0,84.0,159.0,0.30612244897959184,0.0016380016380016515,0.1494438827098079,0.10670360859575623,0.14337744567727412,0.155072048768783,-0.5,-8.0,-30.5,-68.0
German Credit,R3_F3,3,3,MinCost_FN5_FP1,0.13710621981371446,0.13710621981371446,0.515,0.3235294117647059,0.8979591836734694,0.39072847682119205,0.4756756756756757,0.6443438302473308,0.2661676642784046,0.592332865949827,59,92,5,44,97,102,117,142,48.5,51.0,58.5,71.0,0.3877551020408163,0.5135135135135135,0.4418604651162791,0.6342749020137857,0.29745186017238257,0.5844079393248217,24.0,39.0,84.0,159.0,0.5102040816326531,-0.1899841017488076,0.033815210559396625,0.010068928233545105,-0.03128419589397796,0.007924926625005324,24.5,12.0,-25.5,-88.0
German Credit,R3_F3,3,3,MinCost_FN10_FP1,0.07560315085927545,0.07560315085927545,0.39,0.2787878787878788,0.9387755102040817,0.2119205298013245,0.42990654205607476,0.5753480200027031,0.1705738136579167,0.44603341072946284,32,119,3,46,122,125,134,149,61.0,62.5,67.0,74.5,0.3877551020408163,0.5135135135135135,0.4418604651162791,0.6342749020137857,0.29745186017238257,0.5844079393248217,24.0,39.0,84.0,159.0,0.5510204081632654,-0.23472563472563468,-0.011953923060204319,-0.05892688201108254,-0.12687804651446585,-0.13837452859535887,37.0,23.5,-17.0,-84.5
German Credit,R3_F4,3,4,Fixed0.50,0.5,0.5,0.71,0.6170212765957447,0.42028985507246375,0.8625954198473282,0.5,0.641442637459896,0.3171581606101202,0.6021130325726264,113,18,40,29,58,98,218,418,29.0,49.0,109.0,209.0,0.42028985507246375,0.6170212765957447,0.5,0.641442637459896,0.3171581606101202,0.6021130325726264,29.0,49.0,109.0,209.0,0.0,0.0,0.0,0.0,0.0,0.0,0.0,0.0,0.0,0.0
German Credit,R3_F4,3,4,MaxMCC,0.27510585716622765,0.27510585716622765,0.695,0.5392156862745098,0.7971014492753623,0.6412213740458015,0.6432748538011696,0.7191614116605819,0.4168129026291825,0.7149255111955704,84,47,14,55,61,75,117,187,30.5,37.5,58.5,93.5,0.42028985507246375,0.6170212765957447,0.5,0.641442637459896,0.3171581606101202,0.6021130325726264,29.0,49.0,109.0,209.0,0.37681159420289856,-0.07780559032123491,0.14327485380116955,0.07771877420068585,0.09965474201906233,0.11281247862294397,1.5,-11.5,-50.5,-115.5
German Credit,R3_F4,3,4,MaxF1,0.27510585716622765,0.27510585716622765,0.695,0.5392156862745098,0.7971014492753623,0.6412213740458015,0.6432748538011696,0.7191614116605819,0.4168129026291825,0.7149255111955704,84,47,14,55,61,75,117,187,30.5,37.5,58.5,93.5,0.42028985507246375,0.6170212765957447,0.5,0.641442637459896,0.3171581606101202,0.6021130325726264,29.0,49.0,109.0,209.0,0.37681159420289856,-0.07780559032123491,0.14327485380116955,0.07771877420068585,0.09965474201906233,0.11281247862294397,1.5,-11.5,-50.5,-115.5
German Credit,R3_F4,3,4,MaxBalancedAccuracy,0.27510585716622765,0.27510585716622765,0.695,0.5392156862745098,0.7971014492753623,0.6412213740458015,0.6432748538011696,0.7191614116605819,0.4168129026291825,0.7149255111955704,84,47,14,55,61,75,117,187,30.5,37.5,58.5,93.5,0.42028985507246375,0.6170212765957447,0.5,0.641442637459896,0.3171581606101202,0.6021130325726264,29.0,49.0,109.0,209.0,0.37681159420289856,-0.07780559032123491,0.14327485380116955,0.07771877420068585,0.09965474201906233,0.11281247862294397,1.5,-11.5,-50.5,-115.5
German Credit,R3_F4,3,4,MinCost_FN2_FP1,0.27510585716622765,0.27510585716622765,0.695,0.5392156862745098,0.7971014492753623,0.6412213740458015,0.6432748538011696,0.7191614116605819,0.4168129026291825,0.7149255111955704,84,47,14,55,61,75,117,187,30.5,37.5,58.5,93.5,0.42028985507246375,0.6170212765957447,0.5,0.641442637459896,0.3171581606101202,0.6021130325726264,29.0,49.0,109.0,209.0,0.37681159420289856,-0.07780559032123491,0.14327485380116955,0.07771877420068585,0.09965474201906233,0.11281247862294397,1.5,-11.5,-50.5,-115.5
German Credit,R3_F4,3,4,MinCost_FN5_FP1,0.19067271895653465,0.19067271895653465,0.665,0.5081967213114754,0.8985507246376812,0.5419847328244275,0.6492146596858639,0.7202677287310544,0.42935235150364603,0.6978544077541886,71,60,7,62,67,74,95,130,33.5,37.0,47.5,65.0,0.42028985507246375,0.6170212765957447,0.5,0.641442637459896,0.3171581606101202,0.6021130325726264,29.0,49.0,109.0,209.0,0.4782608695652174,-0.10882455528426926,0.1492146596858639,0.07882509127115833,0.11219419089352584,0.09574137518156223,4.5,-12.0,-61.5,-144.0
German Credit,R3_F4,3,4,MinCost_FN10_FP1,0.10089500996130923,0.10089500996130923,0.56,0.436241610738255,0.9420289855072463,0.35877862595419846,0.5963302752293578,0.6504038057307224,0.3280732282679502,0.5813603572908265,47,84,4,65,88,92,104,124,44.0,46.0,52.0,62.0,0.42028985507246375,0.6170212765957447,0.5,0.641442637459896,0.3171581606101202,0.6021130325726264,29.0,49.0,109.0,209.0,0.5217391304347826,-0.18077966585748967,0.09633027522935778,0.00896116827082638,0.010915067657830013,-0.020752675281799915,15.0,-3.0,-57.0,-147.0
German Credit,R3_F5,3,5,Fixed0.50,0.5,0.5,0.76,0.6842105263157895,0.41935483870967744,0.9130434782608695,0.52,0.6661991584852734,0.391872600140376,0.618780413847279,126,12,36,26,48,84,192,372,24.0,42.0,96.0,186.0,0.41935483870967744,0.6842105263157895,0.52,0.6661991584852734,0.391872600140376,0.618780413847279,24.0,42.0,96.0,186.0,0.0,0.0,0.0,0.0,0.0,0.0,0.0,0.0,0.0,0.0
German Credit,R3_F5,3,5,MaxMCC,0.3962502999121098,0.3962502999121098,0.745,0.5901639344262295,0.5806451612903226,0.8188405797101449,0.5853658536585366,0.6997428705002338,0.4012955582883635,0.68953304523921,113,25,26,36,51,77,155,285,25.5,38.5,77.5,142.5,0.41935483870967744,0.6842105263157895,0.52,0.6661991584852734,0.391872600140376,0.618780413847279,24.0,42.0,96.0,186.0,0.16129032258064518,-0.09404659188956,0.06536585365853653,0.033543712014960314,0.009422958147987492,0.070752631391931,1.5,-3.5,-18.5,-43.5
German Credit,R3_F5,3,5,MaxF1,0.3379970069014296,0.3379970069014296,0.715,0.5333333333333333,0.6451612903225806,0.7463768115942029,0.583941605839416,0.6957690509583918,0.37404493725344107,0.6939260960901885,103,35,22,40,57,79,145,255,28.5,39.5,72.5,127.5,0.41935483870967744,0.6842105263157895,0.52,0.6661991584852734,0.391872600140376,0.618780413847279,24.0,42.0,96.0,186.0,0.2258064516129032,-0.15087719298245617,0.063941605839416,0.029569892473118364,-0.017827662886934936,0.07514568224290952,4.5,-2.5,-23.5,-58.5
German Credit,R3_F5,3,5,MaxBalancedAccuracy,0.285834526710603,0.285834526710603,0.675,0.4827586206896552,0.6774193548387096,0.6739130434782609,0.5637583892617449,0.6756661991584852,0.3277590862954889,0.6756639246921762,93,45,20,42,65,85,145,245,32.5,42.5,72.5,122.5,0.41935483870967744,0.6842105263157895,0.52,0.6661991584852734,0.391872600140376,0.618780413847279,24.0,42.0,96.0,186.0,0.2580645161290322,-0.2014519056261343,0.04375838926174491,0.009467040673211802,-0.06411351384488712,0.05688351084489718,8.5,0.5,-23.5,-63.5
German Credit,R3_F5,3,5,MinCost_FN2_FP1,0.3379970069014296,0.3379970069014296,0.715,0.5333333333333333,0.6451612903225806,0.7463768115942029,0.583941605839416,0.6957690509583918,0.37404493725344107,0.6939260960901885,103,35,22,40,57,79,145,255,28.5,39.5,72.5,127.5,0.41935483870967744,0.6842105263157895,0.52,0.6661991584852734,0.391872600140376,0.618780413847279,24.0,42.0,96.0,186.0,0.2258064516129032,-0.15087719298245617,0.063941605839416,0.029569892473118364,-0.017827662886934936,0.07514568224290952,4.5,-2.5,-23.5,-58.5
German Credit,R3_F5,3,5,MinCost_FN5_FP1,0.188832931225358,0.188832931225358,0.6,0.4224137931034483,0.7903225806451613,0.5144927536231884,0.550561797752809,0.6524076671341748,0.28562983004648274,0.6376638932593827,71,67,13,49,80,93,132,197,40.0,46.5,66.0,98.5,0.41935483870967744,0.6842105263157895,0.52,0.6661991584852734,0.391872600140376,0.618780413847279,24.0,42.0,96.0,186.0,0.3709677419354838,-0.2617967332123412,0.030561797752808983,-0.013791491351098695,-0.10624277009389327,0.018883479412103665,16.0,4.5,-30.0,-87.5
German Credit,R3_F5,3,5,MinCost_FN10_FP1,0.05572332626117161,0.05572332626117161,0.39,0.33695652173913043,1.0,0.11594202898550725,0.5040650406504065,0.5579710144927537,0.19765480720269354,0.34050261230349943,16,122,0,62,122,122,122,122,61.0,61.0,61.0,61.0,0.41935483870967744,0.6842105263157895,0.52,0.6661991584852734,0.391872600140376,0.618780413847279,24.0,42.0,96.0,186.0,0.5806451612903225,-0.34725400457665906,-0.015934959349593547,-0.10822814399251979,-0.19421779293768246,-0.27827780154377957,37.0,19.0,-35.0,-125.0
German Credit,R4_F1,4,1,Fixed0.50,0.5,0.5,0.79,0.6862745098039216,0.5737704918032787,0.8848920863309353,0.625,0.729331289067107,0.4844928845981213,0.7125482212222062,123,16,26,35,42,68,146,276,21.0,34.0,73.0,138.0,0.5737704918032787,0.6862745098039216,0.625,0.729331289067107,0.4844928845981213,0.7125482212222062,21.0,34.0,73.0,138.0,0.0,0.0,0.0,0.0,0.0,0.0,0.0,0.0,0.0,0.0
German Credit,R4_F1,4,1,MaxMCC,0.4478564898246823,0.4478564898246823,0.785,0.640625,0.6721311475409836,0.8345323741007195,0.656,0.7533317608208515,0.5000719719538563,0.7489427229531094,116,23,20,41,43,63,123,223,21.5,31.5,61.5,111.5,0.5737704918032787,0.6862745098039216,0.625,0.729331289067107,0.4844928845981213,0.7125482212222062,21.0,34.0,73.0,138.0,0.09836065573770492,-0.04564950980392157,0.031000000000000028,0.024000471753744534,0.015579087355735044,0.036394501730903195,0.5,-2.5,-11.5,-26.5
German Credit,R4_F1,4,1,MaxF1,0.30266042580157193,0.30266042580157193,0.76,0.5714285714285714,0.8524590163934426,0.7194244604316546,0.6842105263157895,0.7859417384125487,0.5287445711940538,0.783121872960366,100,39,9,52,48,57,84,129,24.0,28.5,42.0,64.5,0.5737704918032787,0.6862745098039216,0.625,0.729331289067107,0.4844928845981213,0.7125482212222062,21.0,34.0,73.0,138.0,0.2786885245901639,-0.11484593837535018,0.05921052631578949,0.05661044934544168,0.04425168659593254,0.07057365173815977,3.0,-5.5,-31.0,-73.5
German Credit,R4_F1,4,1,MaxBalancedAccuracy,0.30266042580157193,0.30266042580157193,0.76,0.5714285714285714,0.8524590163934426,0.7194244604316546,0.6842105263157895,0.7859417384125487,0.5287445711940538,0.783121872960366,100,39,9,52,48,57,84,129,24.0,28.5,42.0,64.5,0.5737704918032787,0.6862745098039216,0.625,0.729331289067107,0.4844928845981213,0.7125482212222062,21.0,34.0,73.0,138.0,0.2786885245901639,-0.11484593837535018,0.05921052631578949,0.05661044934544168,0.04425168659593254,0.07057365173815977,3.0,-5.5,-31.0,-73.5
German Credit,R4_F1,4,1,MinCost_FN2_FP1,0.33958848959620075,0.33958848959620075,0.755,0.5697674418604651,0.8032786885245902,0.7338129496402878,0.6666666666666666,0.768545819082439,0.49948109755000397,0.7677605771393915,102,37,12,49,49,61,97,157,24.5,30.5,48.5,78.5,0.5737704918032787,0.6862745098039216,0.625,0.729331289067107,0.4844928845981213,0.7125482212222062,21.0,34.0,73.0,138.0,0.2295081967213115,-0.11650706794345644,0.04166666666666663,0.03921453001533204,0.014988212951882685,0.05521235591718532,3.5,-3.5,-24.5,-59.5
German Credit,R4_F1,4,1,MinCost_FN5_FP1,0.16082117620907932,0.16082117620907932,0.605,0.4338235294117647,0.9672131147540983,0.4460431654676259,0.5989847715736041,0.7066281401108621,0.407879932431637,0.6568247859107633,62,77,2,59,79,81,87,97,39.5,40.5,43.5,48.5,0.5737704918032787,0.6862745098039216,0.625,0.729331289067107,0.4844928845981213,0.7125482212222062,21.0,34.0,73.0,138.0,0.39344262295081966,-0.25245098039215685,-0.02601522842639592,-0.022703148956244923,-0.07661295216648428,-0.05572343531144286,18.5,6.5,-29.5,-89.5
German Credit,R4_F1,4,1,MinCost_FN10_FP1,0.05154196984522276,0.05154196984522276,0.395,0.33516483516483514,1.0,0.12949640287769784,0.5020576131687243,0.564748201438849,0.2083330039262687,0.3598560863424403,18,121,0,61,121,121,121,121,60.5,60.5,60.5,60.5,0.5737704918032787,0.6862745098039216,0.625,0.729331289067107,0.4844928845981213,0.7125482212222062,21.0,34.0,73.0,138.0,0.42622950819672134,-0.35110967463908643,-0.12294238683127567,-0.16458308762825802,-0.2761598806718526,-0.35269213487976586,39.5,26.5,-12.5,-77.5
German Credit,R4_F2,4,2,Fixed0.50,0.5,0.5,0.805,0.6666666666666666,0.5555555555555556,0.8972602739726028,0.6060606060606061,0.7264079147640792,0.48141852988827566,0.7060296948321504,131,15,24,30,39,63,135,255,19.5,31.5,67.5,127.5,0.5555555555555556,0.6666666666666666,0.6060606060606061,0.7264079147640792,0.48141852988827566,0.7060296948321504,19.5,31.5,67.5,127.5,0.0,0.0,0.0,0.0,0.0,0.0,0.0,0.0,0.0,0.0
German Credit,R4_F2,4,2,MaxMCC,0.22430351244114854,0.22430351244114854,0.645,0.4158415841584158,0.7777777777777778,0.5958904109589042,0.5419354838709678,0.686834094368341,0.3318036433910924,0.680786544839646,87,59,12,42,71,83,119,179,35.5,41.5,59.5,89.5,0.5555555555555556,0.6666666666666666,0.6060606060606061,0.7264079147640792,0.48141852988827566,0.7060296948321504,19.5,31.5,67.5,127.5,0.2222222222222222,-0.2508250825082508,-0.06412512218963828,-0.0395738203957382,-0.14961488649718324,-0.025243149992504432,16.0,10.0,-8.0,-38.0
German Credit,R4_F2,4,2,MaxF1,0.23335147372956394,0.23335147372956394,0.67,0.4375,0.7777777777777778,0.6301369863013698,0.56,0.7039573820395738,0.36248533918166753,0.7000760993642515,92,54,12,42,66,78,114,174,33.0,39.0,57.0,87.0,0.5555555555555556,0.6666666666666666,0.6060606060606061,0.7264079147640792,0.48141852988827566,0.7060296948321504,19.5,31.5,67.5,127.5,0.2222222222222222,-0.22916666666666663,-0.046060606060606024,-0.022450532724505368,-0.11893319070660813,-0.0059535954678988645,13.5,7.5,-10.5,-40.5
German Credit,R4_F2,4,2,MaxBalancedAccuracy,0.23335147372956394,0.23335147372956394,0.67,0.4375,0.7777777777777778,0.6301369863013698,0.56,0.7039573820395738,0.36248533918166753,0.7000760993642515,92,54,12,42,66,78,114,174,33.0,39.0,57.0,87.0,0.5555555555555556,0.6666666666666666,0.6060606060606061,0.7264079147640792,0.48141852988827566,0.7060296948321504,19.5,31.5,67.5,127.5,0.2222222222222222,-0.22916666666666663,-0.046060606060606024,-0.022450532724505368,-0.11893319070660813,-0.0059535954678988645,13.5,7.5,-10.5,-40.5
German Credit,R4_F2,4,2,MinCost_FN2_FP1,0.23335147372956394,0.23335147372956394,0.67,0.4375,0.7777777777777778,0.6301369863013698,0.56,0.7039573820395738,0.36248533918166753,0.7000760993642515,92,54,12,42,66,78,114,174,33.0,39.0,57.0,87.0,0.5555555555555556,0.6666666666666666,0.6060606060606061,0.7264079147640792,0.48141852988827566,0.7060296948321504,19.5,31.5,67.5,127.5,0.2222222222222222,-0.22916666666666663,-0.046060606060606024,-0.022450532724505368,-0.11893319070660813,-0.0059535954678988645,13.5,7.5,-10.5,-40.5
German Credit,R4_F2,4,2,MinCost_FN5_FP1,0.22430351244114854,0.22430351244114854,0.645,0.4158415841584158,0.7777777777777778,0.5958904109589042,0.5419354838709678,0.686834094368341,0.3318036433910924,0.680786544839646,87,59,12,42,71,83,119,179,35.5,41.5,59.5,89.5,0.5555555555555556,0.6666666666666666,0.6060606060606061,0.7264079147640792,0.48141852988827566,0.7060296948321504,19.5,31.5,67.5,127.5,0.2222222222222222,-0.2508250825082508,-0.06412512218963828,-0.0395738203957382,-0.14961488649718324,-0.025243149992504432,16.0,10.0,-8.0,-38.0
German Credit,R4_F2,4,2,MinCost_FN10_FP1,0.06366652164350567,0.06366652164350567,0.38,0.29651162790697677,0.9444444444444444,0.17123287671232876,0.45132743362831856,0.5578386605783866,0.14800564892173684,0.40214417702759214,25,121,3,51,124,127,136,151,62.0,63.5,68.0,75.5,0.5555555555555556,0.6666666666666666,0.6060606060606061,0.7264079147640792,0.48141852988827566,0.7060296948321504,19.5,31.5,67.5,127.5,0.38888888888888884,-0.37015503875968986,-0.1547331724322875,-0.16856925418569257,-0.3334128809665388,-0.30388551780455825,42.5,32.0,0.5,-52.0
German Credit,R4_F3,4,3,Fixed0.50,0.5,0.5,0.75,0.6363636363636364,0.45161290322580644,0.8840579710144928,0.5283018867924528,0.6678354371201496,0.3747661957267746,0.631863899039794,122,16,34,28,50,84,186,356,25.0,42.0,93.0,178.0,0.45161290322580644,0.6363636363636364,0.5283018867924528,0.6678354371201496,0.3747661957267746,0.631863899039794,25.0,42.0,93.0,178.0,0.0,0.0,0.0,0.0,0.0,0.0,0.0,0.0,0.0,0.0
German Credit,R4_F3,4,3,MaxMCC,0.4057660796367396,0.4057660796367396,0.735,0.5652173913043478,0.6290322580645161,0.782608695652174,0.5954198473282443,0.705820476858345,0.40049193101935826,0.701631039084655,108,30,23,39,53,76,145,260,26.5,38.0,72.5,130.0,0.45161290322580644,0.6363636363636364,0.5283018867924528,0.6678354371201496,0.3747661957267746,0.631863899039794,25.0,42.0,93.0,178.0,0.1774193548387097,-0.07114624505928857,0.06711796053579144,0.03798503973819545,0.02572573529258365,0.06976714004486095,1.5,-4.0,-20.5,-48.0
German Credit,R4_F3,4,3,MaxF1,0.286301736884616,0.286301736884616,0.695,0.5052631578947369,0.7741935483870968,0.6594202898550725,0.6114649681528662,0.7168069191210846,0.40158924137084,0.7145060770079891,91,47,14,48,61,75,117,187,30.5,37.5,58.5,93.5,0.45161290322580644,0.6363636363636364,0.5283018867924528,0.6678354371201496,0.3747661957267746,0.631863899039794,25.0,42.0,93.0,178.0,0.3225806451612903,-0.1311004784688995,0.0831630813604134,0.04897148200093504,0.026823045644065402,0.08264217796819506,5.5,-4.5,-34.5,-84.5
German Credit,R4_F3,4,3,MaxBalancedAccuracy,0.286301736884616,0.286301736884616,0.695,0.5052631578947369,0.7741935483870968,0.6594202898550725,0.6114649681528662,0.7168069191210846,0.40158924137084,0.7145060770079891,91,47,14,48,61,75,117,187,30.5,37.5,58.5,93.5,0.45161290322580644,0.6363636363636364,0.5283018867924528,0.6678354371201496,0.3747661957267746,0.631863899039794,25.0,42.0,93.0,178.0,0.3225806451612903,-0.1311004784688995,0.0831630813604134,0.04897148200093504,0.026823045644065402,0.08264217796819506,5.5,-4.5,-34.5,-84.5
German Credit,R4_F3,4,3,MinCost_FN2_FP1,0.4057660796367396,0.4057660796367396,0.735,0.5652173913043478,0.6290322580645161,0.782608695652174,0.5954198473282443,0.705820476858345,0.40049193101935826,0.701631039084655,108,30,23,39,53,76,145,260,26.5,38.0,72.5,130.0,0.45161290322580644,0.6363636363636364,0.5283018867924528,0.6678354371201496,0.3747661957267746,0.631863899039794,25.0,42.0,93.0,178.0,0.1774193548387097,-0.07114624505928857,0.06711796053579144,0.03798503973819545,0.02572573529258365,0.06976714004486095,1.5,-4.0,-20.5,-48.0
German Credit,R4_F3,4,3,MinCost_FN5_FP1,0.1692629091240547,0.1692629091240547,0.575,0.41353383458646614,0.8870967741935484,0.43478260869565216,0.5641025641025641,0.6609396914446003,0.31540264143379615,0.6210428726339018,60,78,7,55,85,92,113,148,42.5,46.0,56.5,74.0,0.45161290322580644,0.6363636363636364,0.5283018867924528,0.6678354371201496,0.3747661957267746,0.631863899039794,25.0,42.0,93.0,178.0,0.43548387096774194,-0.2228298017771702,0.03580067731011127,-0.006895745675549292,-0.05936355429297846,-0.01082102640589222,17.5,4.0,-36.5,-104.0
German Credit,R4_F3,4,3,MinCost_FN10_FP1,0.06427482457525449,0.06427482457525449,0.41,0.3372093023255814,0.9354838709677419,0.17391304347826086,0.49572649572649574,0.5546984572230014,0.14581332779195688,0.40335201390946923,24,114,4,58,118,122,134,154,59.0,61.0,67.0,77.0,0.45161290322580644,0.6363636363636364,0.5283018867924528,0.6678354371201496,0.3747661957267746,0.631863899039794,25.0,42.0,93.0,178.0,0.48387096774193544,-0.29915433403805497,-0.03257539106595708,-0.11313697989714822,-0.22895286793481773,-0.22851188513032478,34.0,19.0,-26.0,-101.0
German Credit,R4_F4,4,4,Fixed0.50,0.5,0.5,0.755,0.6538461538461539,0.5230769230769231,0.8666666666666667,0.5811965811965812,0.6948717948717948,0.4161692750607111,0.6733003292241385,117,18,31,34,49,80,173,328,24.5,40.0,86.5,164.0,0.5230769230769231,0.6538461538461539,0.5811965811965812,0.6948717948717948,0.4161692750607111,0.6733003292241385,24.5,40.0,86.5,164.0,0.0,0.0,0.0,0.0,0.0,0.0,0.0,0.0,0.0,0.0
German Credit,R4_F4,4,4,MaxMCC,0.3787465106864585,0.3787465106864585,0.735,0.581081081081081,0.6615384615384615,0.7703703703703704,0.6187050359712231,0.715954415954416,0.4190004746818552,0.7138834846315116,104,31,22,43,53,75,141,251,26.5,37.5,70.5,125.5,0.5230769230769231,0.6538461538461539,0.5811965811965812,0.6948717948717948,0.4161692750607111,0.6733003292241385,24.5,40.0,86.5,164.0,0.1384615384615384,-0.07276507276507282,0.03750845477464182,0.021082621082621156,0.002831199621144087,0.04058315540737312,2.0,-2.5,-16.0,-38.5
German Credit,R4_F4,4,4,MaxF1,0.2626340653362089,0.2626340653362089,0.69,0.5145631067961165,0.8153846153846154,0.6296296296296297,0.6309523809523809,0.7225071225071225,0.41705467725647444,0.7165126051859195,85,50,12,53,62,74,110,170,31.0,37.0,55.0,85.0,0.5230769230769231,0.6538461538461539,0.5811965811965812,0.6948717948717948,0.4161692750607111,0.6733003292241385,24.5,40.0,86.5,164.0,0.29230769230769227,-0.13928304705003736,0.04975579975579969,0.02763532763532761,0.0008854021957633296,0.04321227596178101,6.5,-3.0,-31.5,-79.0
German Credit,R4_F4,4,4,MaxBalancedAccuracy,0.2626340653362089,0.2626340653362089,0.69,0.5145631067961165,0.8153846153846154,0.6296296296296297,0.6309523809523809,0.7225071225071225,0.41705467725647444,0.7165126051859195,85,50,12,53,62,74,110,170,31.0,37.0,55.0,85.0,0.5230769230769231,0.6538461538461539,0.5811965811965812,0.6948717948717948,0.4161692750607111,0.6733003292241385,24.5,40.0,86.5,164.0,0.29230769230769227,-0.13928304705003736,0.04975579975579969,0.02763532763532761,0.0008854021957633296,0.04321227596178101,6.5,-3.0,-31.5,-79.0
German Credit,R4_F4,4,4,MinCost_FN2_FP1,0.34110479499641455,0.34110479499641455,0.735,0.5681818181818182,0.7692307692307693,0.7185185185185186,0.6535947712418301,0.743874643874644,0.46022463189915397,0.7434423667686372,97,38,15,50,53,68,113,188,26.5,34.0,56.5,94.0,0.5230769230769231,0.6538461538461539,0.5811965811965812,0.6948717948717948,0.4161692750607111,0.6733003292241385,24.5,40.0,86.5,164.0,0.24615384615384617,-0.08566433566433562,0.07239819004524883,0.049002849002849125,0.04405535683844286,0.07014203754449866,2.0,-6.0,-30.0,-70.0
German Credit,R4_F4,4,4,MinCost_FN5_FP1,0.128020273290685,0.128020273290685,0.555,0.4178082191780822,0.9384615384615385,0.37037037037037035,0.5781990521327014,0.6544159544159545,0.3258160096790444,0.5895577559309584,50,85,4,61,89,93,105,125,44.5,46.5,52.5,62.5,0.5230769230769231,0.6538461538461539,0.5811965811965812,0.6948717948717948,0.4161692750607111,0.6733003292241385,24.5,40.0,86.5,164.0,0.41538461538461535,-0.23603793466807166,-0.0029975290638798446,-0.040455840455840386,-0.09035326538166671,-0.08374257329318013,20.0,6.5,-34.0,-101.5
German Credit,R4_F4,4,4,MinCost_FN10_FP1,0.128020273290685,0.128020273290685,0.555,0.4178082191780822,0.9384615384615385,0.37037037037037035,0.5781990521327014,0.6544159544159545,0.3258160096790444,0.5895577559309584,50,85,4,61,89,93,105,125,44.5,46.5,52.5,62.5,0.5230769230769231,0.6538461538461539,0.5811965811965812,0.6948717948717948,0.4161692750607111,0.6733003292241385,24.5,40.0,86.5,164.0,0.41538461538461535,-0.23603793466807166,-0.0029975290638798446,-0.040455840455840386,-0.09035326538166671,-0.08374257329318013,20.0,6.5,-34.0,-101.5
German Credit,R4_F5,4,5,Fixed0.50,0.5,0.5,0.745,0.6296296296296297,0.29310344827586204,0.9295774647887324,0.4,0.6113404565322972,0.2956897218285536,0.5219792719726629,132,10,41,17,51,92,215,420,25.5,46.0,107.5,210.0,0.29310344827586204,0.6296296296296297,0.4,0.6113404565322972,0.2956897218285536,0.5219792719726629,25.5,46.0,107.5,210.0,0.0,0.0,0.0,0.0,0.0,0.0,0.0,0.0,0.0,0.0
German Credit,R4_F5,4,5,MaxMCC,0.3417021778948764,0.3417021778948764,0.725,0.5230769230769231,0.5862068965517241,0.7816901408450704,0.5528455284552846,0.6839485186983972,0.35641904069676306,0.676928468547356,111,31,24,34,55,79,151,271,27.5,39.5,75.5,135.5,0.29310344827586204,0.6296296296296297,0.4,0.6113404565322972,0.2956897218285536,0.5219792719726629,25.5,46.0,107.5,210.0,0.29310344827586204,-0.10655270655270654,0.15284552845528454,0.07260806216610005,0.06072931886820948,0.15494919657469308,2.0,-6.5,-32.0,-74.5
German Credit,R4_F5,4,5,MaxF1,0.26679332495640146,0.26679332495640146,0.72,0.5119047619047619,0.7413793103448276,0.7112676056338029,0.6056338028169014,0.7263234579893152,0.416149231599225,0.7261673959462829,101,41,15,43,56,71,116,191,28.0,35.5,58.0,95.5,0.29310344827586204,0.6296296296296297,0.4,0.6113404565322972,0.2956897218285536,0.5219792719726629,25.5,46.0,107.5,210.0,0.4482758620689656,-0.11772486772486779,0.20563380281690136,0.11498300145701801,0.12045950977067144,0.20418812397361996,2.5,-10.5,-49.5,-114.5
German Credit,R4_F5,4,5,MaxBalancedAccuracy,0.26679332495640146,0.26679332495640146,0.72,0.5119047619047619,0.7413793103448276,0.7112676056338029,0.6056338028169014,0.7263234579893152,0.416149231599225,0.7261673959462829,101,41,15,43,56,71,116,191,28.0,35.5,58.0,95.5,0.29310344827586204,0.6296296296296297,0.4,0.6113404565322972,0.2956897218285536,0.5219792719726629,25.5,46.0,107.5,210.0,0.4482758620689656,-0.11772486772486779,0.20563380281690136,0.11498300145701801,0.12045950977067144,0.20418812397361996,2.5,-10.5,-49.5,-114.5
German Credit,R4_F5,4,5,MinCost_FN2_FP1,0.3417021778948764,0.3417021778948764,0.725,0.5230769230769231,0.5862068965517241,0.7816901408450704,0.5528455284552846,0.6839485186983972,0.35641904069676306,0.676928468547356,111,31,24,34,55,79,151,271,27.5,39.5,75.5,135.5,0.29310344827586204,0.6296296296296297,0.4,0.6113404565322972,0.2956897218285536,0.5219792719726629,25.5,46.0,107.5,210.0,0.29310344827586204,-0.10655270655270654,0.15284552845528454,0.07260806216610005,0.06072931886820948,0.15494919657469308,2.0,-6.5,-32.0,-74.5
German Credit,R4_F5,4,5,MinCost_FN5_FP1,0.13136424866593338,0.13136424866593338,0.58,0.40441176470588236,0.9482758620689655,0.4295774647887324,0.5670103092783505,0.6889266634288489,0.3675546979948095,0.6382459876473457,61,81,3,55,84,87,96,111,42.0,43.5,48.0,55.5,0.29310344827586204,0.6296296296296297,0.4,0.6113404565322972,0.2956897218285536,0.5219792719726629,25.5,46.0,107.5,210.0,0.6551724137931034,-0.2252178649237473,0.16701030927835048,0.07758620689655171,0.07186497616625592,0.11626671567468283,16.5,-2.5,-59.5,-154.5
German Credit,R4_F5,4,5,MinCost_FN10_FP1,0.106360320614984,0.106360320614984,0.515,0.3708609271523179,0.9655172413793104,0.33098591549295775,0.5358851674641149,0.648251578436134,0.31282465694536077,0.5653075340574952,47,95,2,56,97,99,105,115,48.5,49.5,52.5,57.5,0.29310344827586204,0.6296296296296297,0.4,0.6113404565322972,0.2956897218285536,0.5219792719726629,25.5,46.0,107.5,210.0,0.6724137931034484,-0.25876870247731176,0.13588516746411483,0.03691112190383683,0.017134935116807193,0.043328262084832314,23.0,3.5,-55.0,-152.5
German Credit,R5_F1,5,1,Fixed0.50,0.5,0.5,0.765,0.5849056603773585,0.5535714285714286,0.8472222222222222,0.5688073394495413,0.7003968253968254,0.4077551832698003,0.6848342981137961,122,22,25,31,47,72,147,272,23.5,36.0,73.5,136.0,0.5535714285714286,0.5849056603773585,0.5688073394495413,0.7003968253968254,0.4077551832698003,0.6848342981137961,23.5,36.0,73.5,136.0,0.0,0.0,0.0,0.0,0.0,0.0,0.0,0.0,0.0,0.0
German Credit,R5_F1,5,1,MaxMCC,0.4548454349975244,0.4548454349975244,0.78,0.59375,0.6785714285714286,0.8194444444444444,0.6333333333333333,0.7490079365079365,0.4793569224043355,0.7456886664698528,118,26,18,38,44,62,116,206,22.0,31.0,58.0,103.0,0.5535714285714286,0.5849056603773585,0.5688073394495413,0.7003968253968254,0.4077551832698003,0.6848342981137961,23.5,36.0,73.5,136.0,0.125,0.008844339622641528,0.06452599388379199,0.04861111111111116,0.07160173913453516,0.06085436835605662,-1.5,-5.0,-15.5,-33.0
German Credit,R5_F1,5,1,MaxF1,0.3204776583178346,0.3204776583178346,0.665,0.44554455445544555,0.8035714285714286,0.6111111111111112,0.5732484076433121,0.7073412698412699,0.37240261766105426,0.7007648882267351,88,56,11,45,67,78,111,166,33.5,39.0,55.5,83.0,0.5535714285714286,0.5849056603773585,0.5688073394495413,0.7003968253968254,0.4077551832698003,0.6848342981137961,23.5,36.0,73.5,136.0,0.25,-0.13936110592191292,0.00444106819377077,0.006944444444444531,-0.035352565608746056,0.015930590112938958,10.0,3.0,-18.0,-53.0
German Credit,R5_F1,5,1,MaxBalancedAccuracy,0.3204776583178346,0.3204776583178346,0.665,0.44554455445544555,0.8035714285714286,0.6111111111111112,0.5732484076433121,0.7073412698412699,0.37240261766105426,0.7007648882267351,88,56,11,45,67,78,111,166,33.5,39.0,55.5,83.0,0.5535714285714286,0.5849056603773585,0.5688073394495413,0.7003968253968254,0.4077551832698003,0.6848342981137961,23.5,36.0,73.5,136.0,0.25,-0.13936110592191292,0.00444106819377077,0.006944444444444531,-0.035352565608746056,0.015930590112938958,10.0,3.0,-18.0,-53.0
German Credit,R5_F1,5,1,MinCost_FN2_FP1,0.39529982456142243,0.39529982456142243,0.72,0.5,0.6964285714285714,0.7291666666666666,0.582089552238806,0.7127976190476191,0.3917822922988459,0.7126096406869612,105,39,17,39,56,73,124,209,28.0,36.5,62.0,104.5,0.5535714285714286,0.5849056603773585,0.5688073394495413,0.7003968253968254,0.4077551832698003,0.6848342981137961,23.5,36.0,73.5,136.0,0.1428571428571428,-0.08490566037735847,0.013282212789264669,0.012400793650793718,-0.01597289097095439,0.02777534257316505,4.5,0.5,-11.5,-31.5
German Credit,R5_F1,5,1,MinCost_FN5_FP1,0.15286665010721961,0.15286665010721961,0.525,0.36551724137931035,0.9464285714285714,0.3611111111111111,0.527363184079602,0.6537698412698413,0.3092509734854231,0.5846074520700818,52,92,3,53,95,98,107,122,47.5,49.0,53.5,61.0,0.5535714285714286,0.5849056603773585,0.5688073394495413,0.7003968253968254,0.4077551832698003,0.6848342981137961,23.5,36.0,73.5,136.0,0.3928571428571428,-0.21938841899804812,-0.041444155369939284,-0.04662698412698407,-0.09850420978437724,-0.10022684604371435,24.0,13.0,-20.0,-75.0
German Credit,R5_F1,5,1,MinCost_FN10_FP1,0.0923449341869802,0.0923449341869802,0.46,0.34146341463414637,1.0,0.25,0.509090909090909,0.625,0.2921743548953888,0.5,36,108,0,56,108,108,108,108,54.0,54.0,54.0,54.0,0.5535714285714286,0.5849056603773585,0.5688073394495413,0.7003968253968254,0.4077551832698003,0.6848342981137961,23.5,36.0,73.5,136.0,0.4464285714285714,-0.2434422457432121,-0.05971643035863228,-0.07539682539682535,-0.11558082837441153,-0.18483429811379615,30.5,18.0,-19.5,-82.0
German Credit,R5_F2,5,2,Fixed0.50,0.5,0.5,0.735,0.6976744186046512,0.42857142857142855,0.9,0.5309734513274337,0.6642857142857143,0.38147531312078387,0.6210590034081188,117,13,40,30,53,93,213,413,26.5,46.5,106.5,206.5,0.42857142857142855,0.6976744186046512,0.5309734513274337,0.6642857142857143,0.38147531312078387,0.6210590034081188,26.5,46.5,106.5,206.5,0.0,0.0,0.0,0.0,0.0,0.0,0.0,0.0,0.0,0.0
German Credit,R5_F2,5,2,MaxMCC,0.3699174517021614,0.3699174517021614,0.755,0.6567164179104478,0.6285714285714286,0.823076923076923,0.6423357664233577,0.7258241758241758,0.4564128927635733,0.7192792485277448,107,23,26,44,49,75,153,283,24.5,37.5,76.5,141.5,0.42857142857142855,0.6976744186046512,0.5309734513274337,0.6642857142857143,0.38147531312078387,0.6210590034081188,26.5,46.5,106.5,206.5,0.2,-0.04095800069420341,0.11136231509592398,0.06153846153846154,0.07493757964278941,0.09822024511962602,-2.0,-9.0,-30.0,-65.0
German Credit,R5_F2,5,2,MaxF1,0.3699174517021614,0.3699174517021614,0.755,0.6567164179104478,0.6285714285714286,0.823076923076923,0.6423357664233577,0.7258241758241758,0.4564128927635733,0.7192792485277448,107,23,26,44,49,75,153,283,24.5,37.5,76.5,141.5,0.42857142857142855,0.6976744186046512,0.5309734513274337,0.6642857142857143,0.38147531312078387,0.6210590034081188,26.5,46.5,106.5,206.5,0.2,-0.04095800069420341,0.11136231509592398,0.06153846153846154,0.07493757964278941,0.09822024511962602,-2.0,-9.0,-30.0,-65.0
German Credit,R5_F2,5,2,MaxBalancedAccuracy,0.3699174517021614,0.3699174517021614,0.755,0.6567164179104478,0.6285714285714286,0.823076923076923,0.6423357664233577,0.7258241758241758,0.4564128927635733,0.7192792485277448,107,23,26,44,49,75,153,283,24.5,37.5,76.5,141.5,0.42857142857142855,0.6976744186046512,0.5309734513274337,0.6642857142857143,0.38147531312078387,0.6210590034081188,26.5,46.5,106.5,206.5,0.2,-0.04095800069420341,0.11136231509592398,0.06153846153846154,0.07493757964278941,0.09822024511962602,-2.0,-9.0,-30.0,-65.0
German Credit,R5_F2,5,2,MinCost_FN2_FP1,0.3699174517021614,0.3699174517021614,0.755,0.6567164179104478,0.6285714285714286,0.823076923076923,0.6423357664233577,0.7258241758241758,0.4564128927635733,0.7192792485277448,107,23,26,44,49,75,153,283,24.5,37.5,76.5,141.5,0.42857142857142855,0.6976744186046512,0.5309734513274337,0.6642857142857143,0.38147531312078387,0.6210590034081188,26.5,46.5,106.5,206.5,0.2,-0.04095800069420341,0.11136231509592398,0.06153846153846154,0.07493757964278941,0.09822024511962602,-2.0,-9.0,-30.0,-65.0
German Credit,R5_F2,5,2,MinCost_FN5_FP1,0.19183921079539723,0.19183921079539723,0.68,0.5263157894736842,0.8571428571428571,0.5846153846153846,0.6521739130434783,0.7208791208791209,0.425602044583607,0.7078833951286759,76,54,10,60,64,74,104,154,32.0,37.0,52.0,77.0,0.42857142857142855,0.6976744186046512,0.5309734513274337,0.6642857142857143,0.38147531312078387,0.6210590034081188,26.5,46.5,106.5,206.5,0.42857142857142855,-0.171358629130967,0.1212004617160446,0.056593406593406614,0.04412673146282314,0.08682439172055711,5.5,-9.5,-54.5,-129.5
German Credit,R5_F2,5,2,MinCost_FN10_FP1,0.06199440845407675,0.06199440845407675,0.475,0.39766081871345027,0.9714285714285714,0.2076923076923077,0.5643153526970954,0.5895604395604396,0.24264416614165638,0.44917506805057844,27,103,2,68,105,107,113,123,52.5,53.5,56.5,61.5,0.42857142857142855,0.6976744186046512,0.5309734513274337,0.6642857142857143,0.38147531312078387,0.6210590034081188,26.5,46.5,106.5,206.5,0.5428571428571429,-0.3000135998912009,0.03334190136966175,-0.07472527472527468,-0.1388311469791275,-0.17188393535754037,26.0,7.0,-50.0,-145.0
German Credit,R5_F3,5,3,Fixed0.50,0.5,0.5,0.765,0.6875,0.3728813559322034,0.9290780141843972,0.4835164835164835,0.6509796850583003,0.3756249598221446,0.5885880305407823,131,10,37,22,47,84,195,380,23.5,42.0,97.5,190.0,0.3728813559322034,0.6875,0.4835164835164835,0.6509796850583003,0.3756249598221446,0.5885880305407823,23.5,42.0,97.5,190.0,0.0,0.0,0.0,0.0,0.0,0.0,0.0,0.0,0.0,0.0
German Credit,R5_F3,5,3,MaxMCC,0.3646150653181681,0.3646150653181681,0.75,0.5671641791044776,0.6440677966101694,0.7943262411347518,0.6031746031746031,0.7191970188724606,0.42358149548701174,0.7152621560779641,112,29,21,38,50,71,134,239,25.0,35.5,67.0,119.5,0.3728813559322034,0.6875,0.4835164835164835,0.6509796850583003,0.3756249598221446,0.5885880305407823,23.5,42.0,97.5,190.0,0.27118644067796605,-0.12033582089552242,0.11965811965811962,0.06821733381416029,0.04795653566486713,0.12667412553718171,1.5,-6.5,-30.5,-70.5
German Credit,R5_F3,5,3,MaxF1,0.3165260204440531,0.3165260204440531,0.735,0.5384615384615384,0.711864406779661,0.7446808510638298,0.6131386861313869,0.7282726289217454,0.42686660651450187,0.728087764134741,105,36,17,42,53,70,121,206,26.5,35.0,60.5,103.0,0.3728813559322034,0.6875,0.4835164835164835,0.6509796850583003,0.3756249598221446,0.5885880305407823,23.5,42.0,97.5,190.0,0.3389830508474576,-0.14903846153846156,0.12962220261490337,0.0772929438634451,0.05124164669235726,0.13949973359395862,3.0,-7.0,-37.0,-87.0
German Credit,R5_F3,5,3,MaxBalancedAccuracy,0.3165260204440531,0.3165260204440531,0.735,0.5384615384615384,0.711864406779661,0.7446808510638298,0.6131386861313869,0.7282726289217454,0.42686660651450187,0.728087764134741,105,36,17,42,53,70,121,206,26.5,35.0,60.5,103.0,0.3728813559322034,0.6875,0.4835164835164835,0.6509796850583003,0.3756249598221446,0.5885880305407823,23.5,42.0,97.5,190.0,0.3389830508474576,-0.14903846153846156,0.12962220261490337,0.0772929438634451,0.05124164669235726,0.13949973359395862,3.0,-7.0,-37.0,-87.0
German Credit,R5_F3,5,3,MinCost_FN2_FP1,0.3646150653181681,0.3646150653181681,0.75,0.5671641791044776,0.6440677966101694,0.7943262411347518,0.6031746031746031,0.7191970188724606,0.42358149548701174,0.7152621560779641,112,29,21,38,50,71,134,239,25.0,35.5,67.0,119.5,0.3728813559322034,0.6875,0.4835164835164835,0.6509796850583003,0.3756249598221446,0.5885880305407823,23.5,42.0,97.5,190.0,0.27118644067796605,-0.12033582089552242,0.11965811965811962,0.06821733381416029,0.04795653566486713,0.12667412553718171,1.5,-6.5,-30.5,-70.5
German Credit,R5_F3,5,3,MinCost_FN5_FP1,0.12933604457312314,0.12933604457312314,0.53,0.38095238095238093,0.9491525423728814,0.3546099290780142,0.5436893203883495,0.6518812357254478,0.31388681811379154,0.5801542172001031,50,91,3,56,94,97,106,121,47.0,48.5,53.0,60.5,0.3728813559322034,0.6875,0.4835164835164835,0.6509796850583003,0.3756249598221446,0.5885880305407823,23.5,42.0,97.5,190.0,0.576271186440678,-0.30654761904761907,0.060172836871865976,0.0009015506671474771,-0.06173814170835307,-0.008433813340679275,23.5,6.5,-44.5,-129.5
German Credit,R5_F3,5,3,MinCost_FN10_FP1,0.09939000305821563,0.09939000305821563,0.5,0.36774193548387096,0.9661016949152542,0.3049645390070922,0.5327102803738317,0.6355331169611732,0.29603214915377163,0.5427953187194976,43,98,2,57,100,102,108,118,50.0,51.0,54.0,59.0,0.3728813559322034,0.6875,0.4835164835164835,0.6509796850583003,0.3756249598221446,0.5885880305407823,23.5,42.0,97.5,190.0,0.5932203389830508,-0.31975806451612904,0.049193796857348204,-0.015446568097127078,-0.07959281066837298,-0.04579271182128475,26.5,9.0,-43.5,-131.0
German Credit,R5_F4,5,4,Fixed0.50,0.5,0.5,0.745,0.5686274509803921,0.5,0.8450704225352113,0.5321100917431193,0.6725352112676056,0.3592424771219879,0.6500270850261592,120,22,29,29,51,80,167,312,25.5,40.0,83.5,156.0,0.5,0.5686274509803921,0.5321100917431193,0.6725352112676056,0.3592424771219879,0.6500270850261592,25.5,40.0,83.5,156.0,0.0,0.0,0.0,0.0,0.0,0.0,0.0,0.0,0.0,0.0
German Credit,R5_F4,5,4,MaxMCC,0.4748240056045321,0.4748240056045321,0.75,0.5740740740740741,0.5344827586206896,0.8380281690140845,0.5535714285714286,0.686255463817387,0.38073594353445595,0.6692619872490095,119,23,27,31,50,77,158,293,25.0,38.5,79.0,146.5,0.5,0.5686274509803921,0.5321100917431193,0.6725352112676056,0.3592424771219879,0.6500270850261592,25.5,40.0,83.5,156.0,0.03448275862068961,0.005446623093681935,0.021461336828309308,0.013720252549781375,0.02149346641246802,0.019234902222850292,-0.5,-1.5,-4.5,-9.5
German Credit,R5_F4,5,4,MaxF1,0.3110789422742676,0.3110789422742676,0.695,0.48314606741573035,0.7413793103448276,0.676056338028169,0.5850340136054422,0.7087178241864983,0.38114586336131373,0.7079648166692845,96,46,15,43,61,76,121,196,30.5,38.0,60.5,98.0,0.5,0.5686274509803921,0.5321100917431193,0.6725352112676056,0.3592424771219879,0.6500270850261592,25.5,40.0,83.5,156.0,0.24137931034482762,-0.08548138356466178,0.052923921862322865,0.03618261291889269,0.021903386239325806,0.05793773164312521,5.0,-2.0,-23.0,-58.0
German Credit,R5_F4,5,4,MaxBalancedAccuracy,0.3110789422742676,0.3110789422742676,0.695,0.48314606741573035,0.7413793103448276,0.676056338028169,0.5850340136054422,0.7087178241864983,0.38114586336131373,0.7079648166692845,96,46,15,43,61,76,121,196,30.5,38.0,60.5,98.0,0.5,0.5686274509803921,0.5321100917431193,0.6725352112676056,0.3592424771219879,0.6500270850261592,25.5,40.0,83.5,156.0,0.24137931034482762,-0.08548138356466178,0.052923921862322865,0.03618261291889269,0.021903386239325806,0.05793773164312521,5.0,-2.0,-23.0,-58.0
German Credit,R5_F4,5,4,MinCost_FN2_FP1,0.3943868330908763,0.3943868330908763,0.73,0.5303030303030303,0.603448275862069,0.7816901408450704,0.5645161290322581,0.6925692083535697,0.3716641250136264,0.6868111587265713,111,31,23,35,54,77,146,261,27.0,38.5,73.0,130.5,0.5,0.5686274509803921,0.5321100917431193,0.6725352112676056,0.3592424771219879,0.6500270850261592,25.5,40.0,83.5,156.0,0.10344827586206895,-0.03832442067736186,0.03240603728913882,0.020033997085964095,0.012421647891638465,0.036784073700412034,1.5,-1.5,-10.5,-25.5
German Credit,R5_F4,5,4,MinCost_FN5_FP1,0.13958427746220803,0.13958427746220803,0.51,0.3611111111111111,0.896551724137931,0.352112676056338,0.5148514851485149,0.6243322000971345,0.25130233493026216,0.5618605047599721,50,92,6,52,98,104,122,152,49.0,52.0,61.0,76.0,0.5,0.5686274509803921,0.5321100917431193,0.6725352112676056,0.3592424771219879,0.6500270850261592,25.5,40.0,83.5,156.0,0.39655172413793105,-0.20751633986928103,-0.01725860659460443,-0.0482030111704711,-0.10794014219172576,-0.08816658026618718,23.5,12.0,-22.5,-80.0
German Credit,R5_F4,5,4,MinCost_FN10_FP1,0.09983132422933921,0.09983132422933921,0.44,0.3333333333333333,0.9310344827586207,0.23943661971830985,0.4909090909090909,0.5852355512384653,0.19717853394607768,0.4721480164025993,34,108,4,54,112,116,128,148,56.0,58.0,64.0,74.0,0.5,0.5686274509803921,0.5321100917431193,0.6725352112676056,0.3592424771219879,0.6500270850261592,25.5,40.0,83.5,156.0,0.43103448275862066,-0.23529411764705882,-0.04120100083402839,-0.08729966002914036,-0.16206394317591025,-0.17787906862355995,30.5,18.0,-19.5,-82.0
German Credit,R5_F5,5,5,Fixed0.50,0.5,0.5,0.79,0.7142857142857143,0.43859649122807015,0.9300699300699301,0.5434782608695652,0.6843332106490001,0.43798883063117117,0.6386903850265854,133,10,32,25,42,74,170,330,21.0,37.0,85.0,165.0,0.43859649122807015,0.7142857142857143,0.5434782608695652,0.6843332106490001,0.43798883063117117,0.6386903850265854,21.0,37.0,85.0,165.0,0.0,0.0,0.0,0.0,0.0,0.0,0.0,0.0,0.0,0.0
German Credit,R5_F5,5,5,MaxMCC,0.4092471219637541,0.4092471219637541,0.815,0.6923076923076923,0.631578947368421,0.8881118881118881,0.6605504587155964,0.7598454177401546,0.5348327282241153,0.7489411001134116,127,16,21,36,37,58,121,226,18.5,29.0,60.5,113.0,0.43859649122807015,0.7142857142857143,0.5434782608695652,0.6843332106490001,0.43798883063117117,0.6386903850265854,21.0,37.0,85.0,165.0,0.19298245614035087,-0.02197802197802201,0.11707219784603118,0.07551220709115447,0.09684389759294415,0.11025071508682627,-2.5,-8.0,-24.5,-52.0
German Credit,R5_F5,5,5,MaxF1,0.39237801961915886,0.39237801961915886,0.82,0.6779661016949152,0.7017543859649122,0.8671328671328671,0.6896551724137931,0.7844436265488897,0.5631136919000793,0.7800732611266835,124,19,17,40,36,53,104,189,18.0,26.5,52.0,94.5,0.43859649122807015,0.7142857142857143,0.5434782608695652,0.6843332106490001,0.43798883063117117,0.6386903850265854,21.0,37.0,85.0,165.0,0.2631578947368421,-0.03631961259079908,0.14617691154422796,0.10011041589988956,0.12512486126890815,0.14138287610009814,-3.0,-10.5,-33.0,-70.5
German Credit,R5_F5,5,5,MaxBalancedAccuracy,0.39237801961915886,0.39237801961915886,0.82,0.6779661016949152,0.7017543859649122,0.8671328671328671,0.6896551724137931,0.7844436265488897,0.5631136919000793,0.7800732611266835,124,19,17,40,36,53,104,189,18.0,26.5,52.0,94.5,0.43859649122807015,0.7142857142857143,0.5434782608695652,0.6843332106490001,0.43798883063117117,0.6386903850265854,21.0,37.0,85.0,165.0,0.2631578947368421,-0.03631961259079908,0.14617691154422796,0.10011041589988956,0.12512486126890815,0.14138287610009814,-3.0,-10.5,-33.0,-70.5
German Credit,R5_F5,5,5,MinCost_FN2_FP1,0.39237801961915886,0.39237801961915886,0.82,0.6779661016949152,0.7017543859649122,0.8671328671328671,0.6896551724137931,0.7844436265488897,0.5631136919000793,0.7800732611266835,124,19,17,40,36,53,104,189,18.0,26.5,52.0,94.5,0.43859649122807015,0.7142857142857143,0.5434782608695652,0.6843332106490001,0.43798883063117117,0.6386903850265854,21.0,37.0,85.0,165.0,0.2631578947368421,-0.03631961259079908,0.14617691154422796,0.10011041589988956,0.12512486126890815,0.14138287610009814,-3.0,-10.5,-33.0,-70.5
German Credit,R5_F5,5,5,MinCost_FN5_FP1,0.14530753497939897,0.14530753497939897,0.595,0.4090909090909091,0.9473684210526315,0.45454545454545453,0.5714285714285714,0.700956937799043,0.382998457220119,0.6562179588897107,65,78,3,54,81,84,93,108,40.5,42.0,46.5,54.0,0.43859649122807015,0.7142857142857143,0.5434782608695652,0.6843332106490001,0.43798883063117117,0.6386903850265854,21.0,37.0,85.0,165.0,0.5087719298245614,-0.3051948051948052,0.02795031055900621,0.0166237271500429,-0.054990373411052174,0.017527573863125312,19.5,5.0,-38.5,-111.0
German Credit,R5_F5,5,5,MinCost_FN10_FP1,0.044096977778215876,0.044096977778215876,0.365,0.30978260869565216,1.0,0.11188811188811189,0.4730290456431535,0.5559440559440559,0.1861746255071574,0.3344968040028363,16,127,0,57,127,127,127,127,63.5,63.5,63.5,63.5,0.43859649122807015,0.7142857142857143,0.5434782608695652,0.6843332106490001,0.43798883063117117,0.6386903850265854,21.0,37.0,85.0,165.0,0.5614035087719298,-0.40450310559006214,-0.07044921522641168,-0.12838915470494416,-0.25181420512401376,-0.30419358102374905,42.5,26.5,-21.5,-101.5
