attribute,group,run_id,records,observed_adverse_rate,predicted_adverse_rate,recall_tpr,false_positive_rate,specificity,precision,f1,brier,mean_calibrated_probability
sex,female,R1_F1,3661,0.205954657197487,0.16989893471729037,0.4854111405835544,0.08806329549363605,0.911936704506364,0.5884244372990354,0.5319767441860466,0.12730064318610507,0.2037419856001861
sex,male,R1_F1,2338,0.2339606501283148,0.22241231822070145,0.5319926873857403,0.12786152987158012,0.8721384701284198,0.5596153846153846,0.5454545454545454,0.13958398349153178,0.2431088136074676
sex,female,R1_F2,3572,0.2147256438969765,0.16153415453527437,0.44589308996088656,0.08377896613190731,0.9162210338680927,0.5927209705372617,0.5089285714285714,0.13343121135842573,0.20673655915969105
sex,male,R1_F2,2425,0.2354639175257732,0.2115463917525773,0.5183887915936952,0.11704422869471413,0.8829557713052859,0.5769980506822612,0.5461254612546124,0.14027378459019907,0.2422624752953212
sex,female,R1_F3,3662,0.2072637902785363,0.16602949208083015,0.4479578392621871,0.0923182914226662,0.9076817085773338,0.5592105263157895,0.4974396488661301,0.1304596297164382,0.2121669609238425
sex,male,R1_F3,2340,0.23376068376068376,0.2141025641025641,0.5155393053016454,0.12214166201896264,0.8778583379810374,0.562874251497006,0.5381679389312977,0.14367765763890938,0.2464244937187397
sex,female,R1_F4,3598,0.20678154530294607,0.179266259032796,0.5094086021505376,0.09320252277505256,0.9067974772249474,0.5875968992248062,0.5457163426925846,0.12439099304989622,0.20514986520999265
sex,male,R1_F4,2402,0.24354704412989175,0.24063280599500417,0.5521367521367522,0.14034122179416622,0.8596587782058338,0.5588235294117647,0.5554600171969045,0.14439332757478057,0.24416695571512514
sex,female,R1_F5,3619,0.20420005526388504,0.17187068250898038,0.4871447902571042,0.09097222222222222,0.9090277777777778,0.5787781350482315,0.5290227773695813,0.12644328482873132,0.21102506714778177
sex,male,R1_F5,2383,0.2614351657574486,0.2102391942929081,0.5088282504012841,0.10454545454545454,0.8954545454545455,0.6327345309381237,0.5640569395017794,0.1507014382756863,0.2375336644556443
sex,female,R2_F1,3646,0.21009325287986835,0.19171695008228196,0.5065274151436031,0.10798611111111112,0.8920138888888889,0.5550786838340487,0.5296928327645052,0.13100838683402596,0.21183765523076625
sex,male,R2_F1,2349,0.23414218816517668,0.227330779054917,0.5454545454545454,0.13007226236798222,0.8699277376320178,0.5617977528089888,0.5535055350553506,0.139421369278559,0.23881914076615787
sex,female,R2_F2,3639,0.20719978015938445,0.19400934322616104,0.519893899204244,0.10883882149046793,0.891161178509532,0.5552407932011332,0.536986301369863,0.12589953914929314,0.2092736621225792
sex,male,R2_F2,2362,0.23497036409822183,0.2502116850127011,0.5891891891891892,0.14609850581073602,0.853901494189264,0.5532994923857868,0.5706806282722513,0.13320154927356084,0.2409221377256904
sex,female,R2_F3,3587,0.20574296069138556,0.17953721773069417,0.48509485094850946,0.10038610038610038,0.8996138996138996,0.5559006211180124,0.5180897250361794,0.13094566706942704,0.20492004692840837
sex,male,R2_F3,2415,0.24265010351966873,0.24099378881987576,0.5494880546075085,0.14215418261344998,0.8578458173865501,0.5532646048109966,0.5513698630136986,0.14537716786627572,0.24848149074262585
sex,female,R2_F4,3636,0.21122112211221122,0.1848184818481848,0.5234375,0.09414225941422594,0.9058577405857741,0.5982142857142857,0.5583333333333333,0.12502416520686027,0.2104918513284657
sex,male,R2_F4,2367,0.2458808618504436,0.23236163920574568,0.5240549828178694,0.13725490196078433,0.8627450980392157,0.5545454545454546,0.5388692579505301,0.1511415125590567,0.23957743201458997
sex,female,R2_F5,3604,0.20449500554938957,0.1711986681465039,0.46675712347354137,0.0952214858737356,0.9047785141262644,0.5575364667747164,0.5081240768094535,0.12960900199752104,0.2018493875428376
sex,male,R2_F5,2395,0.25052192066805845,0.24384133611691022,0.54,0.14484679665738162,0.8551532033426184,0.5547945205479452,0.5472972972972973,0.14929457739602087,0.2461805426302049
sex,female,R3_F1,3569,0.20509946763799383,0.17035584197254133,0.4781420765027322,0.09094113500176243,0.9090588649982376,0.5756578947368421,0.5223880597014926,0.12840236417800802,0.20664868274995832
sex,male,R3_F1,2430,0.2522633744855967,0.22263374485596707,0.48450244698205547,0.13428728673637866,0.8657127132636213,0.5489833641404805,0.5147313691507799,0.15680863523591887,0.23994427342001412
sex,female,R3_F2,3679,0.2144604512095678,0.2027724925251427,0.5272496831432193,0.11418685121107267,0.8858131487889274,0.5576407506702413,0.5420195439739414,0.1301402202012684,0.21311689271847895
sex,male,R3_F2,2323,0.22341799397331039,0.233749461902712,0.5452793834296724,0.14412416851441243,0.8558758314855875,0.5211786372007366,0.5329566854990584,0.13592550505761292,0.2383038516992604
sex,female,R3_F3,3604,0.20782463928967815,0.1795227524972253,0.49666221628838453,0.09632224168126094,0.9036777583187391,0.5749613601236476,0.5329512893982808,0.1285922594034494,0.20710799937581661
sex,male,R3_F3,2395,0.24008350730688935,0.2384133611691023,0.5634782608695652,0.1357142857142857,0.8642857142857143,0.5674255691768827,0.5654450261780105,0.13850061939961697,0.24538803380852456
sex,female,R3_F4,3635,0.20412654745529574,0.18404401650618982,0.49865229110512127,0.10335292084341514,0.8966470791565848,0.5530642750373692,0.5244507441530829,0.1277893874713452,0.20793193241534125
sex,male,R3_F4,2365,0.2545454545454545,0.23847780126849893,0.5514950166112956,0.13159387407827566,0.8684061259217243,0.5886524822695035,0.5694682675814752,0.1458939082202026,0.24635581016292152
sex,female,R3_F5,3625,0.20717241379310344,0.1713103448275862,0.474034620505992,0.09220598469032706,0.907794015309673,0.573268921095008,0.5189504373177842,0.12821507646685493,0.20624612879988913
sex,male,R3_F5,2375,0.2374736842105263,0.23115789473684212,0.5585106382978723,0.12921038100496962,0.8707896189950304,0.5737704918032787,0.5660377358490566,0.1430687298444287,0.24731627408272
sex,female,R4_F1,3639,0.21132179170101675,0.17202528167078868,0.4837451235370611,0.08850174216027874,0.9114982578397213,0.5942492012779552,0.5333333333333333,0.12967771412191428,0.20585981328750722
sex,male,R4_F1,2359,0.23866044934294192,0.20941076727426874,0.5364120781527532,0.10690423162583519,0.8930957683741648,0.611336032388664,0.5714285714285715,0.13690883291585795,0.23970873402005907
sex,female,R4_F2,3569,0.1994956570467918,0.16671336508826,0.5042134831460674,0.08260413020651032,0.9173958697934896,0.6033613445378151,0.5493496557000765,0.12150623431092088,0.20121852758694855
sex,male,R4_F2,2433,0.24126592683929304,0.2466091245376079,0.5536626916524702,0.14897074756229686,0.8510292524377031,0.5416666666666666,0.5475989890480202,0.14509800828127356,0.2489226047267582
sex,female,R4_F3,3625,0.21241379310344827,0.1870344827586207,0.4961038961038961,0.10367775831873906,0.896322241681261,0.5634218289085545,0.5276243093922652,0.1309822859966743,0.20709039978652719
sex,male,R4_F3,2375,0.2463157894736842,0.22778947368421051,0.5316239316239316,0.12849162011173185,0.8715083798882681,0.5748613678373382,0.5523978685612789,0.1469953304077323,0.23596322324850477
sex,female,R4_F4,3682,0.2066811515480717,0.1795219989136339,0.480946123521682,0.10099281068127354,0.8990071893187265,0.5537065052950075,0.5147679324894514,0.12975875978973475,0.21061819880294222
sex,male,R4_F4,2313,0.23994811932555124,0.2191958495460441,0.5171171171171172,0.12514220705346984,0.8748577929465301,0.5660749506903353,0.5404896421845574,0.14617902787969,0.23946289839971951
sex,female,R4_F5,3597,0.20878509869335557,0.19460661662496526,0.5033288948069241,0.11314125087842586,0.8868587491215741,0.54,0.5210199862164026,0.13083413541975242,0.21487802953462215
sex,male,R4_F5,2408,0.242109634551495,0.25290697674418605,0.5780445969125214,0.14904109589041095,0.8509589041095891,0.5533661740558292,0.5654362416107382,0.14293660300100436,0.25086465278825126
sex,female,R5_F1,3670,0.2128065395095368,0.17438692098092642,0.4967989756722151,0.08722741433021806,0.9127725856697819,0.60625,0.546094299788881,0.12745472282914463,0.2143450747277057
sex,male,R5_F1,2329,0.22455989695148132,0.20395019321597252,0.5391969407265774,0.10686600221483943,0.8931339977851606,0.5936842105263158,0.5651302605210421,0.134316321030404,0.2402122746968009
sex,female,R5_F2,3595,0.20778859527121002,0.17579972183588316,0.48728246318607765,0.09410112359550561,0.9058988764044944,0.5759493670886076,0.5279187817258884,0.12862824595580916,0.20574290559803807
sex,male,R5_F2,2403,0.24968789013732834,0.23096129837702872,0.5433333333333333,0.12701053799223516,0.8729894620077648,0.5873873873873874,0.5645021645021645,0.14528809799855386,0.24590696390787442
sex,female,R5_F3,3606,0.204381586245147,0.1752634498058791,0.4789687924016282,0.09724642732659464,0.9027535726734054,0.5585443037974683,0.5157048940832724,0.13028057762586862,0.20659288453322305
sex,male,R5_F3,2392,0.24498327759197325,0.23118729096989968,0.5460750853242321,0.12901439645625692,0.8709856035437431,0.5786618444846293,0.5618964003511853,0.14460171455862442,0.24684751790171805
sex,female,R5_F4,3632,0.2045704845814978,0.1731828193832599,0.4831763122476447,0.09345794392523364,0.9065420560747663,0.5707472178060413,0.5233236151603498,0.12814395285353228,0.2072528730954287
sex,male,R5_F4,2373,0.25453013063632535,0.213653603034134,0.5016556291390728,0.11531938948558508,0.8846806105144149,0.5976331360946746,0.5454545454545453,0.1500942814173946,0.23443587649104763
sex,female,R5_F5,3609,0.2091992241618177,0.17262399556663896,0.4847682119205298,0.0900490539593553,0.9099509460406447,0.5874799357945425,0.5312046444121916,0.1283463491407636,0.20591603053603735
sex,male,R5_F5,2391,0.23421162693433709,0.24006691760769552,0.5428571428571428,0.1474604041507373,0.8525395958492626,0.5296167247386759,0.5361552028218695,0.14344977234029915,0.24719779361200084
age_group,<30,R1_F1,1935,0.22739018087855298,0.2041343669250646,0.5386363636363637,0.10568561872909699,0.894314381270903,0.6,0.5676646706586826,0.13203270365370134,0.2260425506544172
age_group,30-39,R1_F1,2243,0.1966116807846634,0.16852429781542577,0.4852607709750567,0.09100998890122086,0.9089900110987791,0.5661375661375662,0.5225885225885225,0.12148416176867173,0.20204584914941046
age_group,40-49,R1_F1,1307,0.21882172915072687,0.18439173680183626,0.486013986013986,0.09990205680705191,0.9000979431929481,0.5767634854771784,0.5275142314990512,0.1387959498488958,0.22292228845770348
age_group,50+,R1_F1,514,0.2607003891050584,0.2490272373540856,0.5,0.16052631578947368,0.8394736842105263,0.5234375,0.5114503816793893,0.16151059384821473,0.2574848430426017
age_group,<30,R1_F2,1943,0.22954194544518786,0.19402985074626866,0.48654708520179374,0.10688042752171009,0.8931195724782899,0.5755968169761273,0.5273390036452005,0.13987657920616256,0.22651177879512463
age_group,30-39,R1_F2,2250,0.20622222222222222,0.15777777777777777,0.44396551724137934,0.08342665173572228,0.9165733482642777,0.5802816901408451,0.503052503052503,0.12862291974718704,0.20284387304847157
age_group,40-49,R1_F2,1247,0.23736968724939855,0.18765036086607859,0.48986486486486486,0.0935856992639327,0.9064143007360673,0.6196581196581197,0.5471698113207547,0.14008358616446165,0.23111125220668613
age_group,50+,R1_F2,557,0.236983842010772,0.22262118491921004,0.5303030303030303,0.12705882352941175,0.8729411764705882,0.5645161290322581,0.5468750000000001,0.14526789915206648,0.25357748626543014
age_group,<30,R1_F3,1899,0.22327540810953134,0.19167983149025802,0.4858490566037736,0.10711864406779661,0.8928813559322034,0.5659340659340659,0.5228426395939086,0.13732430629448777,0.23226576856736764
age_group,30-39,R1_F3,2284,0.19921190893169877,0.16024518388791595,0.4307692307692308,0.09294696555494805,0.9070530344450519,0.5355191256830601,0.47746650426309384,0.13176640259257283,0.20787031131990827
age_group,40-49,R1_F3,1295,0.22625482625482626,0.1915057915057915,0.515358361774744,0.0968063872255489,0.9031936127744511,0.6088709677419355,0.5582255083179298,0.13369068412773943,0.23239772329598826
age_group,50+,R1_F3,524,0.25572519083969464,0.25,0.5149253731343284,0.15897435897435896,0.841025641025641,0.5267175572519084,0.5207547169811321,0.15092772094762136,0.261040436970526
age_group,<30,R1_F4,1911,0.23181580324437467,0.21664050235478807,0.5282167042889391,0.1226158038147139,0.8773841961852861,0.5652173913043478,0.5460910151691949,0.1390477018009314,0.22864059937067024
age_group,30-39,R1_F4,2234,0.20143240823634737,0.1718889883616831,0.4911111111111111,0.0913677130044843,0.9086322869955157,0.5755208333333334,0.5299760191846523,0.12508428185440418,0.20044562333053284
age_group,40-49,R1_F4,1301,0.22598001537279017,0.2167563412759416,0.5408163265306123,0.1221449851042701,0.8778550148957299,0.5638297872340425,0.5520833333333334,0.13249887137487718,0.23059756314467003
age_group,50+,R1_F4,554,0.2563176895306859,0.2581227436823105,0.6197183098591549,0.13349514563106796,0.866504854368932,0.6153846153846154,0.6175438596491227,0.1387221847745768,0.25249657957456184
age_group,<30,R1_F5,1930,0.23005181347150258,0.21139896373056996,0.5427927927927928,0.11238223418573351,0.8876177658142664,0.5906862745098039,0.5657276995305164,0.1345960004122314,0.23294453503329762
age_group,30-39,R1_F5,2227,0.20925011225864393,0.1656937584193983,0.45064377682403434,0.09028960817717206,0.909710391822828,0.5691056910569106,0.5029940119760479,0.13356125951890604,0.20506833996958448
age_group,40-49,R1_F5,1314,0.2404870624048706,0.17275494672754946,0.47468354430379744,0.07715430861723446,0.9228456913827655,0.6607929515418502,0.5524861878453038,0.13901106337718377,0.2192533145788637
age_group,50+,R1_F5,531,0.256120527306968,0.224105461393597,0.5588235294117647,0.10886075949367088,0.8911392405063291,0.6386554621848739,0.596078431372549,0.1447232244525597,0.2549405636957941
age_group,<30,R2_F1,2002,0.2202797202797203,0.2192807192807193,0.546485260770975,0.1268417680973735,0.8731582319026265,0.5489749430523918,0.5477272727272727,0.13376527529584425,0.23024469086536506
age_group,30-39,R2_F1,2194,0.19781221513217867,0.17866909753874202,0.47235023041474655,0.10625,0.89375,0.5229591836734694,0.4963680387409201,0.13058186959669493,0.20539548755565548
age_group,40-49,R2_F1,1278,0.24569640062597808,0.21987480438184664,0.5573248407643312,0.10995850622406639,0.8900414937759336,0.6227758007117438,0.5882352941176471,0.13713896977240148,0.23076352892301064
age_group,50+,R2_F1,521,0.2437619961612284,0.23224568138195778,0.5275590551181102,0.13705583756345177,0.8629441624365483,0.5537190082644629,0.5403225806451613,0.14510377816820672,0.24346044502476397
age_group,<30,R2_F2,1921,0.2358146798542426,0.23477355543987508,0.5783664459161147,0.1287465940054496,0.8712534059945504,0.5809312638580931,0.5796460176991151,0.13728088061250365,0.23229088889140911
age_group,30-39,R2_F2,2277,0.19894598155467721,0.1888449714536671,0.5033112582781457,0.11074561403508772,0.8892543859649122,0.5302325581395348,0.5164212910532278,0.12208396341728295,0.2030179563949511
age_group,40-49,R2_F2,1262,0.2115689381933439,0.20443740095087162,0.5430711610486891,0.1135678391959799,0.8864321608040201,0.562015503875969,0.5523809523809524,0.12221818449977029,0.22097749007631787
age_group,50+,R2_F2,541,0.2513863216266174,0.2920517560073937,0.6176470588235294,0.18271604938271604,0.817283950617284,0.5316455696202531,0.5714285714285714,0.14201363614037982,0.2647480018930369
age_group,<30,R2_F3,1852,0.21922246220302377,0.20356371490280778,0.5147783251231527,0.11618257261410789,0.8838174273858921,0.5543766578249337,0.5338441890166028,0.13567301994608144,0.22416118305209703
age_group,30-39,R2_F3,2308,0.20493934142114384,0.18067590987868284,0.4799154334038055,0.10354223433242507,0.896457765667575,0.5443645083932853,0.5101123595505617,0.13075510955984646,0.2072621036164766
age_group,40-49,R2_F3,1300,0.23153846153846153,0.22615384615384615,0.5481727574750831,0.12912912912912913,0.8708708708708709,0.5612244897959183,0.5546218487394958,0.14025233865765294,0.2355975284783392
age_group,50+,R2_F3,542,0.2656826568265683,0.25461254612546125,0.5486111111111112,0.14824120603015076,0.8517587939698492,0.572463768115942,0.5602836879432626,0.15758432124699892,0.2497172975913091
age_group,<30,R2_F4,1894,0.22703273495248152,0.21541710665258712,0.5604651162790698,0.11407103825136612,0.8859289617486339,0.5906862745098039,0.5751789976133652,0.13310629110730018,0.23301256245214155
age_group,30-39,R2_F4,2228,0.2073608617594255,0.17549371633752245,0.48484848484848486,0.09456398640996602,0.905436013590034,0.5728900255754475,0.5252051582649472,0.12910248382005657,0.20217850519656422
age_group,40-49,R2_F4,1309,0.23758594346829642,0.2192513368983957,0.5241157556270096,0.12424849699398798,0.875751503006012,0.5679442508710801,0.5451505016722409,0.14305087782316778,0.2284289047927807
age_group,50+,R2_F4,572,0.256993006993007,0.23776223776223776,0.5374149659863946,0.13411764705882354,0.8658823529411764,0.5808823529411765,0.558303886925795,0.1492003086373985,0.24761401009228082
age_group,<30,R2_F5,1949,0.23961005643919958,0.21139045664443304,0.5032119914346895,0.1194331983805668,0.8805668016194332,0.5703883495145631,0.5346985210466438,0.14377530054836474,0.22694245522017195
age_group,30-39,R2_F5,2231,0.20349619004930525,0.17525773195876287,0.4845814977973568,0.09622960045019696,0.9037703995498031,0.5626598465473146,0.5207100591715976,0.1284932872879581,0.19895173533548813
age_group,40-49,R2_F5,1315,0.2220532319391635,0.19771863117870722,0.4794520547945205,0.11730205278592376,0.8826979472140762,0.5384615384615384,0.5072463768115941,0.13999173343187835,0.2231938568252497
age_group,50+,R2_F5,504,0.24603174603174602,0.27380952380952384,0.5887096774193549,0.17105263157894737,0.8289473684210527,0.5289855072463768,0.5572519083969466,0.14622151168932204,0.27261012662883904
age_group,<30,R3_F1,1951,0.22962583290620195,0.20553562275756024,0.484375,0.12242182302062542,0.8775781769793746,0.5411471321695761,0.5111896348645465,0.14371459069117087,0.22619742304994186
age_group,30-39,R3_F1,2252,0.2113676731793961,0.17095914742451154,0.46008403361344535,0.09346846846846847,0.9065315315315315,0.5688311688311688,0.5087108013937282,0.1333816856458836,0.20437224118996658
age_group,40-49,R3_F1,1310,0.22366412213740458,0.18931297709923664,0.5051194539249146,0.09832841691248771,0.9016715830875123,0.5967741935483871,0.5471349353049908,0.13483247852092997,0.22322053470762324
age_group,50+,R3_F1,486,0.26337448559670784,0.2366255144032922,0.4921875,0.1452513966480447,0.8547486033519553,0.5478260869565217,0.5185185185185185,0.1685591604921213,0.2605295743786171
age_group,<30,R3_F2,1966,0.24211597151576805,0.23601220752797558,0.5903361344537815,0.12281879194630872,0.8771812080536913,0.6056034482758621,0.597872340425532,0.13441158600536476,0.23405954373023827
age_group,30-39,R3_F2,2251,0.18214127054642382,0.17281208351843624,0.4585365853658537,0.10917979359043997,0.8908202064095601,0.4832904884318766,0.4705882352941176,0.12534963953921707,0.19975858787504022
age_group,40-49,R3_F2,1206,0.2222222222222222,0.22553897180762852,0.5335820895522388,0.13752665245202558,0.8624733475479744,0.5257352941176471,0.5296296296296297,0.13196633066726296,0.2303565198488544
age_group,50+,R3_F2,579,0.2659758203799655,0.28324697754749567,0.564935064935065,0.1811764705882353,0.8188235294117647,0.5304878048780488,0.5471698113207548,0.15366875111443412,0.25908339998373664
age_group,<30,R3_F3,1939,0.22485817431665808,0.20474471376998452,0.5045871559633027,0.11776447105788423,0.8822355289421158,0.5541561712846348,0.5282112845138056,0.138697251055895,0.22331739209578425
age_group,30-39,R3_F3,2243,0.20329915292019615,0.18056174765938476,0.506578947368421,0.09736989367655288,0.9026301063234471,0.5703703703703704,0.5365853658536585,0.12573117590051958,0.2067334137987034
age_group,40-49,R3_F3,1298,0.23728813559322035,0.21879815100154082,0.5681818181818182,0.1101010101010101,0.8898989898989899,0.6161971830985915,0.5912162162162162,0.13264439818715074,0.23632349130456023
age_group,50+,R3_F3,519,0.23892100192678228,0.2543352601156069,0.5645161290322581,0.1569620253164557,0.8430379746835444,0.5303030303030303,0.5468750000000001,0.1387939502176239,0.2517499202010073
age_group,<30,R3_F4,1888,0.21822033898305085,0.22139830508474576,0.5509708737864077,0.1294037940379404,0.8705962059620597,0.5430622009569378,0.5469879518072289,0.13125227155852337,0.23450656114608948
age_group,30-39,R3_F4,2242,0.21141837644959857,0.18376449598572703,0.4873417721518987,0.10237556561085973,0.8976244343891403,0.5606796116504854,0.5214446952595936,0.13004846019903324,0.2064722926949805
age_group,40-49,R3_F4,1323,0.23582766439909297,0.19501133786848074,0.5,0.10089020771513353,0.8991097922848664,0.6046511627906976,0.5473684210526316,0.14166414282377454,0.21860883148203936
age_group,50+,R3_F4,547,0.26691042047531993,0.26508226691042047,0.6027397260273972,0.14214463840399003,0.85785536159601,0.6068965517241379,0.6048109965635738,0.15129601275053126,0.26249600301348003
age_group,<30,R3_F5,1874,0.22678762006403416,0.211846318036286,0.5270588235294118,0.11939268461007592,0.8806073153899241,0.5642317380352645,0.5450121654501217,0.13740395181844567,0.23269214139609254
age_group,30-39,R3_F5,2250,0.20444444444444446,0.17733333333333334,0.5021739130434782,0.09385474860335195,0.906145251396648,0.5789473684210527,0.5378346915017463,0.1267071220494648,0.20481441254101757
age_group,40-49,R3_F5,1327,0.2290881688018086,0.19291635267520724,0.47368421052631576,0.10948191593352884,0.8905180840664711,0.5625,0.5142857142857142,0.14281259614287015,0.22987323349285183
age_group,50+,R3_F5,549,0.22950819672131148,0.21493624772313297,0.5714285714285714,0.10874704491725769,0.8912529550827423,0.6101694915254238,0.5901639344262296,0.1320028054138718,0.24240270638884662
age_group,<30,R4_F1,1955,0.22966751918158568,0.19539641943734015,0.5077951002227171,0.10225763612217796,0.897742363877822,0.5968586387434555,0.5487364620938627,0.13588391525087581,0.22388513460909346
age_group,30-39,R4_F1,2186,0.2040256175663312,0.16010978956999086,0.4663677130044843,0.08160919540229886,0.9183908045977012,0.5942857142857143,0.5226130653266331,0.12510054977243068,0.20059966798057216
age_group,40-49,R4_F1,1336,0.23053892215568864,0.2028443113772455,0.5487012987012987,0.09922178988326848,0.9007782101167315,0.6236162361623616,0.5837651122625216,0.13475915168850483,0.23175904715982765
age_group,50+,R4_F1,521,0.2476007677543186,0.22456813819577734,0.5348837209302325,0.12244897959183673,0.8775510204081632,0.5897435897435898,0.5609756097560975,0.1453052893748882,0.24714081522978862
age_group,<30,R4_F2,1930,0.23626943005181347,0.21347150259067357,0.5328947368421053,0.11465400271370421,0.8853459972862958,0.5898058252427184,0.5599078341013826,0.13989504419480206,0.2311158487190682
age_group,30-39,R4_F2,2235,0.19328859060402684,0.16778523489932887,0.47453703703703703,0.09428729894620078,0.9057127010537992,0.5466666666666666,0.5080545229244114,0.12562092799101765,0.20021363745016357
age_group,40-49,R4_F2,1292,0.21439628482972137,0.206656346749226,0.555956678700361,0.11133004926108374,0.8886699507389163,0.5767790262172284,0.5661764705882353,0.12521754574949184,0.22506875771360688
age_group,50+,R4_F2,545,0.24587155963302754,0.25871559633027524,0.6119402985074627,0.1435523114355231,0.8564476885644768,0.5815602836879432,0.5963636363636363,0.1360328916326228,0.25588572396903636
age_group,<30,R4_F3,1880,0.2393617021276596,0.22659574468085106,0.5622222222222222,0.12097902097902098,0.879020979020979,0.5938967136150235,0.5776255707762556,0.13950999460358354,0.2275703704700592
age_group,30-39,R4_F3,2324,0.20740103270223753,0.1751290877796902,0.47717842323651455,0.09609120521172639,0.9039087947882736,0.5651105651105651,0.5174353205849269,0.13094349389208226,0.1998575494451913
age_group,40-49,R4_F3,1265,0.22371541501976286,0.20395256916996046,0.4840989399293286,0.12321792260692464,0.8767820773930753,0.5310077519379846,0.5064695009242145,0.14145966765674212,0.22624539539880892
age_group,50+,R4_F3,531,0.263653483992467,0.24105461393596986,0.5214285714285715,0.14066496163682865,0.8593350383631714,0.5703125,0.5447761194029851,0.14762099286364144,0.24974329165260034
age_group,<30,R4_F4,1906,0.22088142707240294,0.20776495278069254,0.5106888361045131,0.12188552188552189,0.8781144781144781,0.5429292929292929,0.5263157894736842,0.13752264841814954,0.22804875603913569
age_group,30-39,R4_F4,2241,0.1990182954038376,0.17090584560464078,0.4663677130044843,0.09749303621169916,0.9025069637883009,0.5430809399477807,0.5018094089264175,0.1266197266869099,0.206075252691699
age_group,40-49,R4_F4,1282,0.22776911076443057,0.187207488299532,0.4931506849315068,0.09696969696969697,0.9030303030303031,0.6,0.5413533834586466,0.13655575582732735,0.2212335537017871
age_group,50+,R4_F4,566,0.2773851590106007,0.26325088339222613,0.5477707006369427,0.15403422982885084,0.8459657701711492,0.5771812080536913,0.5620915032679737,0.1677498068384003,0.2637401163473559
age_group,<30,R4_F5,1947,0.2162300975860298,0.22701592193117617,0.5700712589073634,0.13237221494102228,0.8676277850589778,0.5429864253393665,0.5561993047508691,0.13083879715341842,0.23864739852246794
age_group,30-39,R4_F5,2252,0.20870337477797513,0.19849023090586146,0.5106382978723404,0.11616161616161616,0.8838383838383839,0.5369127516778524,0.5234460196292257,0.13177952333849235,0.21453700493985808
age_group,40-49,R4_F5,1289,0.252133436772692,0.22265321955003878,0.5138461538461538,0.12448132780082988,0.8755186721991701,0.5818815331010453,0.545751633986928,0.14667952671092996,0.23256059922295946
age_group,50+,R4_F5,517,0.22823984526112184,0.2572533849129594,0.576271186440678,0.16290726817042606,0.8370927318295739,0.5112781954887218,0.5418326693227091,0.14356129706941737,0.25037509420492204
age_group,<30,R5_F1,1961,0.22386537480877103,0.20091789903110657,0.5353075170842825,0.10446780551905388,0.8955321944809461,0.5964467005076142,0.5642256902761104,0.13283272680595223,0.23281515484214588
age_group,30-39,R5_F1,2177,0.19935691318327975,0.16031235645383554,0.49078341013824883,0.07802639127940333,0.9219736087205966,0.6103151862464183,0.5440613026819924,0.12296379712616563,0.2036080753353667
age_group,40-49,R5_F1,1333,0.2280570142535634,0.18454613653413354,0.5164473684210527,0.08649173955296405,0.9135082604470359,0.6382113821138211,0.5709090909090909,0.13176984689904908,0.23033388014646913
age_group,50+,R5_F1,528,0.24053030303030304,0.23863636363636365,0.5118110236220472,0.15211970074812967,0.8478802992518704,0.5158730158730159,0.5138339920948618,0.145369649500387,0.2637508544199708
age_group,<30,R5_F2,1910,0.22774869109947643,0.2162303664921466,0.5471264367816092,0.11864406779661017,0.8813559322033898,0.576271186440678,0.5613207547169811,0.13444147191227646,0.23413162661216882
age_group,30-39,R5_F2,2289,0.2145041502839668,0.16950633464394932,0.4480651731160896,0.09343715239154617,0.9065628476084538,0.5670103092783505,0.5005688282138795,0.134877432789088,0.20213559858349092
age_group,40-49,R5_F2,1258,0.23370429252782193,0.1987281399046105,0.5306122448979592,0.0975103734439834,0.9024896265560166,0.624,0.5735294117647058,0.13629462142393087,0.2262748750699464
age_group,50+,R5_F2,541,0.23475046210720887,0.2513863216266174,0.5984251968503937,0.14492753623188406,0.855072463768116,0.5588235294117647,0.5779467680608366,0.13783651560754773,0.25143548072222427
age_group,<30,R5_F3,1900,0.24789473684210525,0.21263157894736842,0.5138004246284501,0.11336599020293912,0.8866340097970609,0.599009900990099,0.5531428571428572,0.14700998272245175,0.22992564819202774
age_group,30-39,R5_F3,2228,0.18895870736086176,0.17504488330341114,0.47980997624703087,0.1040398450470393,0.8959601549529607,0.517948717948718,0.498150431565968,0.12597233988225895,0.20843398662069168
age_group,40-49,R5_F3,1331,0.22689706987227648,0.20736288504883546,0.5562913907284768,0.10495626822157435,0.8950437317784257,0.6086956521739131,0.5813148788927336,0.13183917660965042,0.22733970236300208
age_group,50+,R5_F3,539,0.23933209647495363,0.21335807050092764,0.4728682170542636,0.13170731707317074,0.8682926829268293,0.5304347826086957,0.5,0.148823338859621,0.24414546724824188
age_group,<30,R5_F4,1881,0.23125996810207336,0.1951089845826688,0.48735632183908045,0.10719225449515905,0.892807745504841,0.5776566757493188,0.5286783042394014,0.13983137586292574,0.22335598088062905
age_group,30-39,R5_F4,2319,0.20353600689952567,0.15998275118585598,0.4533898305084746,0.08500270709258256,0.9149972929074174,0.5768194070080862,0.5077105575326216,0.1291439231507002,0.1979775026331742
age_group,40-49,R5_F4,1278,0.23161189358372458,0.19874804381846636,0.5033783783783784,0.10692464358452139,0.8930753564154786,0.5866141732283464,0.5418181818181819,0.13960863176677443,0.2268262043362502
age_group,50+,R5_F4,527,0.2732447817836812,0.2732447817836812,0.6041666666666666,0.14882506527415143,0.8511749347258486,0.6041666666666666,0.6041666666666666,0.15306481856723325,0.2655264747843094
age_group,<30,R5_F5,1966,0.2121057985757884,0.20651068158697863,0.5371702637889688,0.11749515816655907,0.8825048418334409,0.5517241379310345,0.5443499392466585,0.12911922303641132,0.22756406489007178
age_group,30-39,R5_F5,2225,0.20584269662921348,0.18292134831460674,0.5043668122270742,0.09960384833050367,0.9003961516694963,0.5675675675675675,0.5341040462427746,0.12749430729881717,0.20911225068055955
age_group,40-49,R5_F5,1264,0.2286392405063291,0.1962025316455696,0.46366782006920415,0.11692307692307692,0.8830769230769231,0.5403225806451613,0.49906890130353815,0.14382205937910705,0.22296583839494205
age_group,50+,R5_F5,545,0.27706422018348625,0.24954128440366974,0.5364238410596026,0.13959390862944163,0.8604060913705583,0.5955882352941176,0.5644599303135888,0.1594056338165632,0.25634192598444067
