selector,subset,source_feature,selected_runs,total_runs,selection_frequency
Chi2,Top25,status,25,25,1.0
Chi2,Top25,credit_history,21,25,0.84
Chi2,Top25,purpose,0,25,0.0
Chi2,Top25,savings,22,25,0.88
Chi2,Top25,employment_duration,0,25,0.0
Chi2,Top25,personal_status_sex,0,25,0.0
Chi2,Top25,other_debtors,0,25,0.0
Chi2,Top25,property,0,25,0.0
Chi2,Top25,other_installment_plans,8,25,0.32
Chi2,Top25,housing,23,25,0.92
Chi2,Top25,job,0,25,0.0
Chi2,Top25,telephone,0,25,0.0
Chi2,Top25,foreign_worker,0,25,0.0
Chi2,Top25,duration,23,25,0.92
Chi2,Top25,amount,3,25,0.12
Chi2,Top25,installment_rate,0,25,0.0
Chi2,Top25,present_residence,0,25,0.0
Chi2,Top25,age,0,25,0.0
Chi2,Top25,number_credits,0,25,0.0
Chi2,Top25,people_liable,0,25,0.0
Chi2,Top50,status,25,25,1.0
Chi2,Top50,credit_history,25,25,1.0
Chi2,Top50,purpose,10,25,0.4
Chi2,Top50,savings,25,25,1.0
Chi2,Top50,employment_duration,22,25,0.88
Chi2,Top50,personal_status_sex,11,25,0.44
Chi2,Top50,other_debtors,1,25,0.04
Chi2,Top50,property,20,25,0.8
Chi2,Top50,other_installment_plans,22,25,0.88
Chi2,Top50,housing,25,25,1.0
Chi2,Top50,job,0,25,0.0
Chi2,Top50,telephone,1,25,0.04
Chi2,Top50,foreign_worker,10,25,0.4
Chi2,Top50,duration,25,25,1.0
Chi2,Top50,amount,25,25,1.0
Chi2,Top50,installment_rate,2,25,0.08
Chi2,Top50,present_residence,0,25,0.0
Chi2,Top50,age,1,25,0.04
Chi2,Top50,number_credits,0,25,0.0
Chi2,Top50,people_liable,0,25,0.0
Chi2,Top75,status,25,25,1.0
Chi2,Top75,credit_history,25,25,1.0
Chi2,Top75,purpose,25,25,1.0
Chi2,Top75,savings,25,25,1.0
Chi2,Top75,employment_duration,25,25,1.0
Chi2,Top75,personal_status_sex,25,25,1.0
Chi2,Top75,other_debtors,23,25,0.92
Chi2,Top75,property,25,25,1.0
Chi2,Top75,other_installment_plans,25,25,1.0
Chi2,Top75,housing,25,25,1.0
Chi2,Top75,job,0,25,0.0
Chi2,Top75,telephone,9,25,0.36
Chi2,Top75,foreign_worker,25,25,1.0
Chi2,Top75,duration,25,25,1.0
Chi2,Top75,amount,25,25,1.0
Chi2,Top75,installment_rate,17,25,0.68
Chi2,Top75,present_residence,0,25,0.0
Chi2,Top75,age,20,25,0.8
Chi2,Top75,number_credits,4,25,0.16
Chi2,Top75,people_liable,2,25,0.08
EqualConsensus,Top25,status,25,25,1.0
EqualConsensus,Top25,credit_history,20,25,0.8
EqualConsensus,Top25,purpose,0,25,0.0
EqualConsensus,Top25,savings,7,25,0.28
EqualConsensus,Top25,employment_duration,0,25,0.0
EqualConsensus,Top25,personal_status_sex,0,25,0.0
EqualConsensus,Top25,other_debtors,0,25,0.0
EqualConsensus,Top25,property,1,25,0.04
EqualConsensus,Top25,other_installment_plans,2,25,0.08
EqualConsensus,Top25,housing,2,25,0.08
EqualConsensus,Top25,job,0,25,0.0
EqualConsensus,Top25,telephone,0,25,0.0
EqualConsensus,Top25,foreign_worker,3,25,0.12
EqualConsensus,Top25,duration,24,25,0.96
EqualConsensus,Top25,amount,25,25,1.0
EqualConsensus,Top25,installment_rate,14,25,0.56
EqualConsensus,Top25,present_residence,0,25,0.0
EqualConsensus,Top25,age,2,25,0.08
EqualConsensus,Top25,number_credits,0,25,0.0
EqualConsensus,Top25,people_liable,0,25,0.0
EqualConsensus,Top50,status,25,25,1.0
EqualConsensus,Top50,credit_history,25,25,1.0
EqualConsensus,Top50,purpose,3,25,0.12
EqualConsensus,Top50,savings,24,25,0.96
EqualConsensus,Top50,employment_duration,5,25,0.2
EqualConsensus,Top50,personal_status_sex,5,25,0.2
EqualConsensus,Top50,other_debtors,3,25,0.12
EqualConsensus,Top50,property,11,25,0.44
EqualConsensus,Top50,other_installment_plans,16,25,0.64
EqualConsensus,Top50,housing,20,25,0.8
EqualConsensus,Top50,job,0,25,0.0
EqualConsensus,Top50,telephone,0,25,0.0
EqualConsensus,Top50,foreign_worker,22,25,0.88
EqualConsensus,Top50,duration,25,25,1.0
EqualConsensus,Top50,amount,25,25,1.0
EqualConsensus,Top50,installment_rate,23,25,0.92
EqualConsensus,Top50,present_residence,1,25,0.04
EqualConsensus,Top50,age,9,25,0.36
EqualConsensus,Top50,number_credits,7,25,0.28
EqualConsensus,Top50,people_liable,1,25,0.04
EqualConsensus,Top75,status,25,25,1.0
EqualConsensus,Top75,credit_history,25,25,1.0
EqualConsensus,Top75,purpose,25,25,1.0
EqualConsensus,Top75,savings,25,25,1.0
EqualConsensus,Top75,employment_duration,22,25,0.88
EqualConsensus,Top75,personal_status_sex,16,25,0.64
EqualConsensus,Top75,other_debtors,17,25,0.68
EqualConsensus,Top75,property,22,25,0.88
EqualConsensus,Top75,other_installment_plans,23,25,0.92
EqualConsensus,Top75,housing,24,25,0.96
EqualConsensus,Top75,job,0,25,0.0
EqualConsensus,Top75,telephone,5,25,0.2
EqualConsensus,Top75,foreign_worker,25,25,1.0
EqualConsensus,Top75,duration,25,25,1.0
EqualConsensus,Top75,amount,25,25,1.0
EqualConsensus,Top75,installment_rate,25,25,1.0
EqualConsensus,Top75,present_residence,4,25,0.16
EqualConsensus,Top75,age,20,25,0.8
EqualConsensus,Top75,number_credits,19,25,0.76
EqualConsensus,Top75,people_liable,3,25,0.12
L1,Top25,status,21,25,0.84
L1,Top25,credit_history,14,25,0.56
L1,Top25,purpose,1,25,0.04
L1,Top25,savings,8,25,0.32
L1,Top25,employment_duration,0,25,0.0
L1,Top25,personal_status_sex,0,25,0.0
L1,Top25,other_debtors,4,25,0.16
L1,Top25,property,0,25,0.0
L1,Top25,other_installment_plans,0,25,0.0
L1,Top25,housing,0,25,0.0
L1,Top25,job,0,25,0.0
L1,Top25,telephone,0,25,0.0
L1,Top25,foreign_worker,6,25,0.24
L1,Top25,duration,22,25,0.88
L1,Top25,amount,21,25,0.84
L1,Top25,installment_rate,25,25,1.0
L1,Top25,present_residence,0,25,0.0
L1,Top25,age,2,25,0.08
L1,Top25,number_credits,1,25,0.04
L1,Top25,people_liable,0,25,0.0
L1,Top50,status,25,25,1.0
L1,Top50,credit_history,24,25,0.96
L1,Top50,purpose,16,25,0.64
L1,Top50,savings,19,25,0.76
L1,Top50,employment_duration,1,25,0.04
L1,Top50,personal_status_sex,5,25,0.2
L1,Top50,other_debtors,17,25,0.68
L1,Top50,property,4,25,0.16
L1,Top50,other_installment_plans,5,25,0.2
L1,Top50,housing,2,25,0.08
L1,Top50,job,0,25,0.0
L1,Top50,telephone,1,25,0.04
L1,Top50,foreign_worker,24,25,0.96
L1,Top50,duration,25,25,1.0
L1,Top50,amount,25,25,1.0
L1,Top50,installment_rate,25,25,1.0
L1,Top50,present_residence,0,25,0.0
L1,Top50,age,16,25,0.64
L1,Top50,number_credits,13,25,0.52
L1,Top50,people_liable,3,25,0.12
L1,Top75,status,25,25,1.0
L1,Top75,credit_history,25,25,1.0
L1,Top75,purpose,25,25,1.0
L1,Top75,savings,25,25,1.0
L1,Top75,employment_duration,16,25,0.64
L1,Top75,personal_status_sex,19,25,0.76
L1,Top75,other_debtors,22,25,0.88
L1,Top75,property,15,25,0.6
L1,Top75,other_installment_plans,18,25,0.72
L1,Top75,housing,12,25,0.48
L1,Top75,job,1,25,0.04
L1,Top75,telephone,11,25,0.44
L1,Top75,foreign_worker,25,25,1.0
L1,Top75,duration,25,25,1.0
L1,Top75,amount,25,25,1.0
L1,Top75,installment_rate,25,25,1.0
L1,Top75,present_residence,3,25,0.12
L1,Top75,age,25,25,1.0
L1,Top75,number_credits,21,25,0.84
L1,Top75,people_liable,12,25,0.48
MI,Top25,status,20,25,0.8
MI,Top25,credit_history,1,25,0.04
MI,Top25,purpose,0,25,0.0
MI,Top25,savings,1,25,0.04
MI,Top25,employment_duration,0,25,0.0
MI,Top25,personal_status_sex,0,25,0.0
MI,Top25,other_debtors,0,25,0.0
MI,Top25,property,0,25,0.0
MI,Top25,other_installment_plans,2,25,0.08
MI,Top25,housing,10,25,0.4
MI,Top25,job,0,25,0.0
MI,Top25,telephone,0,25,0.0
MI,Top25,foreign_worker,3,25,0.12
MI,Top25,duration,24,25,0.96
MI,Top25,amount,24,25,0.96
MI,Top25,installment_rate,11,25,0.44
MI,Top25,present_residence,6,25,0.24
MI,Top25,age,6,25,0.24
MI,Top25,number_credits,11,25,0.44
MI,Top25,people_liable,6,25,0.24
MI,Top50,status,25,25,1.0
MI,Top50,credit_history,24,25,0.96
MI,Top50,purpose,2,25,0.08
MI,Top50,savings,24,25,0.96
MI,Top50,employment_duration,2,25,0.08
MI,Top50,personal_status_sex,4,25,0.16
MI,Top50,other_debtors,0,25,0.0
MI,Top50,property,5,25,0.2
MI,Top50,other_installment_plans,18,25,0.72
MI,Top50,housing,23,25,0.92
MI,Top50,job,0,25,0.0
MI,Top50,telephone,1,25,0.04
MI,Top50,foreign_worker,25,25,1.0
MI,Top50,duration,24,25,0.96
MI,Top50,amount,25,25,1.0
MI,Top50,installment_rate,12,25,0.48
MI,Top50,present_residence,7,25,0.28
MI,Top50,age,9,25,0.36
MI,Top50,number_credits,11,25,0.44
MI,Top50,people_liable,9,25,0.36
MI,Top75,status,25,25,1.0
MI,Top75,credit_history,25,25,1.0
MI,Top75,purpose,22,25,0.88
MI,Top75,savings,25,25,1.0
MI,Top75,employment_duration,24,25,0.96
MI,Top75,personal_status_sex,23,25,0.92
MI,Top75,other_debtors,14,25,0.56
MI,Top75,property,25,25,1.0
MI,Top75,other_installment_plans,25,25,1.0
MI,Top75,housing,25,25,1.0
MI,Top75,job,2,25,0.08
MI,Top75,telephone,10,25,0.4
MI,Top75,foreign_worker,25,25,1.0
MI,Top75,duration,25,25,1.0
MI,Top75,amount,25,25,1.0
MI,Top75,installment_rate,15,25,0.6
MI,Top75,present_residence,8,25,0.32
MI,Top75,age,10,25,0.4
MI,Top75,number_credits,12,25,0.48
MI,Top75,people_liable,10,25,0.4
RF,Top25,status,0,25,0.0
RF,Top25,credit_history,0,25,0.0
RF,Top25,purpose,0,25,0.0
RF,Top25,savings,0,25,0.0
RF,Top25,employment_duration,0,25,0.0
RF,Top25,personal_status_sex,0,25,0.0
RF,Top25,other_debtors,0,25,0.0
RF,Top25,property,0,25,0.0
RF,Top25,other_installment_plans,0,25,0.0
RF,Top25,housing,0,25,0.0
RF,Top25,job,0,25,0.0
RF,Top25,telephone,0,25,0.0
RF,Top25,foreign_worker,0,25,0.0
RF,Top25,duration,25,25,1.0
RF,Top25,amount,25,25,1.0
RF,Top25,installment_rate,25,25,1.0
RF,Top25,present_residence,25,25,1.0
RF,Top25,age,25,25,1.0
RF,Top25,number_credits,0,25,0.0
RF,Top25,people_liable,0,25,0.0
RF,Top50,status,25,25,1.0
RF,Top50,credit_history,8,25,0.32
RF,Top50,purpose,0,25,0.0
RF,Top50,savings,0,25,0.0
RF,Top50,employment_duration,13,25,0.52
RF,Top50,personal_status_sex,0,25,0.0
RF,Top50,other_debtors,0,25,0.0
RF,Top50,property,25,25,1.0
RF,Top50,other_installment_plans,4,25,0.16
RF,Top50,housing,0,25,0.0
RF,Top50,job,0,25,0.0
RF,Top50,telephone,24,25,0.96
RF,Top50,foreign_worker,0,25,0.0
RF,Top50,duration,25,25,1.0
RF,Top50,amount,25,25,1.0
RF,Top50,installment_rate,25,25,1.0
RF,Top50,present_residence,25,25,1.0
RF,Top50,age,25,25,1.0
RF,Top50,number_credits,25,25,1.0
RF,Top50,people_liable,1,25,0.04
RF,Top75,status,25,25,1.0
RF,Top75,credit_history,25,25,1.0
RF,Top75,purpose,0,25,0.0
RF,Top75,savings,6,25,0.24
RF,Top75,employment_duration,25,25,1.0
RF,Top75,personal_status_sex,23,25,0.92
RF,Top75,other_debtors,0,25,0.0
RF,Top75,property,25,25,1.0
RF,Top75,other_installment_plans,25,25,1.0
RF,Top75,housing,15,25,0.6
RF,Top75,job,17,25,0.68
RF,Top75,telephone,25,25,1.0
RF,Top75,foreign_worker,0,25,0.0
RF,Top75,duration,25,25,1.0
RF,Top75,amount,25,25,1.0
RF,Top75,installment_rate,25,25,1.0
RF,Top75,present_residence,25,25,1.0
RF,Top75,age,25,25,1.0
RF,Top75,number_credits,25,25,1.0
RF,Top75,people_liable,14,25,0.56
RFE,Top25,status,21,25,0.84
RFE,Top25,credit_history,20,25,0.8
RFE,Top25,purpose,7,25,0.28
RFE,Top25,savings,8,25,0.32
RFE,Top25,employment_duration,0,25,0.0
RFE,Top25,personal_status_sex,0,25,0.0
RFE,Top25,other_debtors,8,25,0.32
RFE,Top25,property,0,25,0.0
RFE,Top25,other_installment_plans,0,25,0.0
RFE,Top25,housing,2,25,0.08
RFE,Top25,job,0,25,0.0
RFE,Top25,telephone,0,25,0.0
RFE,Top25,foreign_worker,25,25,1.0
RFE,Top25,duration,14,25,0.56
RFE,Top25,amount,15,25,0.6
RFE,Top25,installment_rate,5,25,0.2
RFE,Top25,present_residence,0,25,0.0
RFE,Top25,age,0,25,0.0
RFE,Top25,number_credits,0,25,0.0
RFE,Top25,people_liable,0,25,0.0
RFE,Top50,status,25,25,1.0
RFE,Top50,credit_history,25,25,1.0
RFE,Top50,purpose,23,25,0.92
RFE,Top50,savings,23,25,0.92
RFE,Top50,employment_duration,3,25,0.12
RFE,Top50,personal_status_sex,4,25,0.16
RFE,Top50,other_debtors,21,25,0.84
RFE,Top50,property,3,25,0.12
RFE,Top50,other_installment_plans,8,25,0.32
RFE,Top50,housing,17,25,0.68
RFE,Top50,job,1,25,0.04
RFE,Top50,telephone,0,25,0.0
RFE,Top50,foreign_worker,25,25,1.0
RFE,Top50,duration,23,25,0.92
RFE,Top50,amount,21,25,0.84
RFE,Top50,installment_rate,23,25,0.92
RFE,Top50,present_residence,0,25,0.0
RFE,Top50,age,2,25,0.08
RFE,Top50,number_credits,3,25,0.12
RFE,Top50,people_liable,0,25,0.0
RFE,Top75,status,25,25,1.0
RFE,Top75,credit_history,25,25,1.0
RFE,Top75,purpose,25,25,1.0
RFE,Top75,savings,25,25,1.0
RFE,Top75,employment_duration,18,25,0.72
RFE,Top75,personal_status_sex,16,25,0.64
RFE,Top75,other_debtors,25,25,1.0
RFE,Top75,property,21,25,0.84
RFE,Top75,other_installment_plans,23,25,0.92
RFE,Top75,housing,23,25,0.92
RFE,Top75,job,4,25,0.16
RFE,Top75,telephone,10,25,0.4
RFE,Top75,foreign_worker,25,25,1.0
RFE,Top75,duration,25,25,1.0
RFE,Top75,amount,25,25,1.0
RFE,Top75,installment_rate,25,25,1.0
RFE,Top75,present_residence,1,25,0.04
RFE,Top75,age,18,25,0.72
RFE,Top75,number_credits,14,25,0.56
RFE,Top75,people_liable,2,25,0.08
