dataset,run_id,repeat,fold,calibration_method,selected_source_features,mean_predicted_probability,observed_adverse_rate,brier_score,log_loss,ece_10bin,calibration_intercept,calibration_slope,roc_auc,pr_auc,accuracy,precision_adverse,recall_adverse,specificity,f1_adverse,balanced_accuracy,mcc,gmean,ks_statistic,tn,fp,fn,tp,reference_brier_score,reference_log_loss,reference_ece_10bin,reference_roc_auc,reference_pr_auc,reference_recall_adverse,reference_f1_adverse,reference_balanced_accuracy,reference_mcc,delta_brier_score,delta_log_loss,delta_ece_10bin,delta_roc_auc,delta_pr_auc,delta_recall_adverse,delta_f1_adverse,delta_balanced_accuracy,delta_mcc
German Credit,R1_F1,1,1,Uncalibrated,15,0.39400672314414065,0.335,0.15266237117180956,0.4655013305412028,0.10438054358039386,-0.30108703845861273,1.4078141624511418,0.8517562563124228,0.7205742037480634,0.765,0.6388888888888888,0.6865671641791045,0.8045112781954887,0.6618705035971223,0.7455392211872967,0.48288404762831877,0.7432032204052827,0.5345079115699697,107,26,21,46,0.15266237117180956,0.4655013305412028,0.10438054358039386,0.8517562563124228,0.7205742037480634,0.6865671641791045,0.6618705035971223,0.7455392211872967,0.48288404762831877,0.0,0.0,0.0,0.0,0.0,0.0,0.0,0.0,0.0
German Credit,R1_F1,1,1,Sigmoid,15,0.3168455127735514,0.335,0.1530858549691176,0.46367605743860424,0.08543385467054943,0.41759061723698515,1.578210620408624,0.8517562563124228,0.7205742037480634,0.79,0.7777777777777778,0.5223880597014925,0.924812030075188,0.625,0.7236000448883402,0.5054672217104351,0.6950616965274203,0.5345079115699697,123,10,32,35,0.15266237117180956,0.4655013305412028,0.10438054358039386,0.8517562563124228,0.7205742037480634,0.6865671641791045,0.6618705035971223,0.7455392211872967,0.48288404762831877,0.0004234837973080552,-0.001825273102598557,-0.01894668890984444,0.0,0.0,-0.16417910447761197,-0.036870503597122295,-0.021939176298956475,0.022583174082116353
German Credit,R1_F1,1,1,Isotonic,15,0.31815156895819047,0.335,0.1501401902326984,0.45925133557086384,0.06783817670839463,0.3193844504586785,1.3793614946894983,0.8492873975984737,0.7062639624988061,0.785,0.75,0.5373134328358209,0.9097744360902256,0.6260869565217392,0.7235439344630232,0.49409868181780364,0.6991666649389917,0.5268768937268544,121,12,31,36,0.15266237117180956,0.4655013305412028,0.10438054358039386,0.8517562563124228,0.7205742037480634,0.6865671641791045,0.6618705035971223,0.7455392211872967,0.48288404762831877,-0.0025221809391111627,-0.006249994970338957,-0.03654236687199923,-0.0024688587139490847,-0.014310241249257283,-0.14925373134328357,-0.035783547075383115,-0.021995286724273422,0.011214634189484873
German Credit,R1_F2,1,2,Uncalibrated,15,0.3481441744626494,0.24,0.16706531986757636,0.5085739500425841,0.1174466380850727,-0.7368465422938033,0.789841854889089,0.7711074561403509,0.5323199913587472,0.75,0.4838709677419355,0.625,0.7894736842105263,0.5454545454545454,0.7072368421052632,0.3827401178155846,0.7024393586862705,0.4868421052631579,120,32,18,30,0.16706531986757636,0.5085739500425841,0.1174466380850727,0.7711074561403509,0.5323199913587472,0.625,0.5454545454545454,0.7072368421052632,0.3827401178155846,0.0,0.0,0.0,0.0,0.0,0.0,0.0,0.0,0.0
German Credit,R1_F2,1,2,Sigmoid,15,0.2970876105587931,0.24,0.15471777896245129,0.4794717034614884,0.0858628728260616,-0.4404594893221221,0.8648350707937917,0.7711074561403509,0.5323199913587472,0.785,0.5555555555555556,0.5208333333333334,0.868421052631579,0.5376344086021505,0.6946271929824561,0.39811067356605595,0.6725344835612129,0.4868421052631579,132,20,23,25,0.16706531986757636,0.5085739500425841,0.1174466380850727,0.7711074561403509,0.5323199913587472,0.625,0.5454545454545454,0.7072368421052632,0.3827401178155846,-0.012347540905125076,-0.029102246581095725,-0.031583765259011104,0.0,0.0,-0.10416666666666663,-0.00782013685239491,-0.012609649122807043,0.01537055575047136
German Credit,R1_F2,1,2,Isotonic,15,0.29434504276478685,0.24,0.15777923601539817,0.4957300759567103,0.08825483079308014,-0.5252314038018799,0.6826343567191369,0.765282346491228,0.5025085854715948,0.795,0.6,0.4375,0.9078947368421053,0.5060240963855421,0.6726973684210527,0.3882237799894312,0.6302411819045317,0.4407894736842105,138,14,27,21,0.16706531986757636,0.5085739500425841,0.1174466380850727,0.7711074561403509,0.5323199913587472,0.625,0.5454545454545454,0.7072368421052632,0.3827401178155846,-0.00928608385217819,-0.012843874085873785,-0.02919180729199257,-0.005825109649122973,-0.029811405887152365,-0.1875,-0.03943044906900328,-0.03453947368421051,0.005483662173846604
German Credit,R1_F3,1,3,Uncalibrated,15,0.35708392802748035,0.315,0.168153369181547,0.5045305490213002,0.08039561329906232,-0.2562222337773789,0.9787711332604966,0.7880894450237516,0.662621900775157,0.76,0.631578947368421,0.5714285714285714,0.8467153284671532,0.6,0.7090719499478624,0.43027971984653157,0.6955841649668708,0.4708608504228943,116,21,27,36,0.168153369181547,0.5045305490213002,0.08039561329906232,0.7880894450237516,0.662621900775157,0.5714285714285714,0.6,0.7090719499478624,0.43027971984653157,0.0,0.0,0.0,0.0,0.0,0.0,0.0,0.0,0.0
German Credit,R1_F3,1,3,Sigmoid,15,0.29603324524770436,0.315,0.1657203870499056,0.5007506281462617,0.06566105408026339,0.16212982831882833,1.0716851428847418,0.7880894450237516,0.662621900775157,0.76,0.6923076923076923,0.42857142857142855,0.9124087591240876,0.5294117647058824,0.670490093847758,0.39977392328872996,0.6253257753674437,0.4708608504228943,125,12,36,27,0.168153369181547,0.5045305490213002,0.08039561329906232,0.7880894450237516,0.662621900775157,0.5714285714285714,0.6,0.7090719499478624,0.43027971984653157,-0.0024329821316413924,-0.003779920875038534,-0.014734559218798932,0.0,0.0,-0.14285714285714285,-0.07058823529411762,-0.03858185610010434,-0.030505796557801612
German Credit,R1_F3,1,3,Isotonic,15,0.29626961960197057,0.315,0.16616218004720687,0.49917829517807233,0.020635072302791223,0.07583611791519862,0.938449064885403,0.7867570385818561,0.5953678758068766,0.755,0.6590909090909091,0.4603174603174603,0.8905109489051095,0.5420560747663551,0.6754142046112849,0.3934021011120476,0.6402481849914856,0.4451396130228247,122,15,34,29,0.168153369181547,0.5045305490213002,0.08039561329906232,0.7880894450237516,0.662621900775157,0.5714285714285714,0.6,0.7090719499478624,0.43027971984653157,-0.0019911891343401267,-0.005352253843227905,-0.059760540996271094,-0.0013324064418954729,-0.06725402496828048,-0.1111111111111111,-0.05794392523364489,-0.033657745336577505,-0.036877618734483975
German Credit,R1_F4,1,4,Uncalibrated,15,0.3485819780654286,0.34,0.18353206165430913,0.5505111605674942,0.06309669114402286,-0.15875204032480691,0.7571210345056761,0.7571301247771836,0.6442694729163634,0.75,0.6607142857142857,0.5441176470588235,0.8560606060606061,0.5967741935483871,0.7000891265597148,0.42220137804328717,0.682493723567805,0.42290552584670227,113,19,31,37,0.18353206165430913,0.5505111605674942,0.06309669114402286,0.7571301247771836,0.6442694729163634,0.5441176470588235,0.5967741935483871,0.7000891265597148,0.42220137804328717,0.0,0.0,0.0,0.0,0.0,0.0,0.0,0.0,0.0
German Credit,R1_F4,1,4,Sigmoid,15,0.2893799064858766,0.34,0.183831850793669,0.5553082383714916,0.07519637317593204,0.15237797193554328,0.8048751649011942,0.7571301247771836,0.6442694729163634,0.74,0.7105263157894737,0.39705882352941174,0.9166666666666666,0.5094339622641509,0.6568627450980392,0.3788278707002149,0.6032997499048828,0.42290552584670227,121,11,41,27,0.18353206165430913,0.5505111605674942,0.06309669114402286,0.7571301247771836,0.6442694729163634,0.5441176470588235,0.5967741935483871,0.7000891265597148,0.42220137804328717,0.0002997891393598795,0.004797077803997407,0.012099682031909184,0.0,0.0,-0.14705882352941174,-0.08734023128423618,-0.04322638146167557,-0.04337350734307227
German Credit,R1_F4,1,4,Isotonic,15,0.2896475141025195,0.34,0.19124482759022107,0.5728523047881185,0.06585638534247927,0.03924798617522053,0.6508458247457145,0.7413101604278074,0.5573654876474363,0.725,0.6031746031746031,0.5588235294117647,0.8106060606060606,0.5801526717557252,0.6847147950089126,0.376740701073173,0.6730421530264249,0.3694295900178253,107,25,30,38,0.18353206165430913,0.5505111605674942,0.06309669114402286,0.7571301247771836,0.6442694729163634,0.5441176470588235,0.5967741935483871,0.7000891265597148,0.42220137804328717,0.007712765935911942,0.022341144220624387,0.002759694198456411,-0.01581996434937616,-0.08690398526892706,0.014705882352941235,-0.016621521792661964,-0.015374331550802145,-0.04546067697011419
German Credit,R1_F5,1,5,Uncalibrated,15,0.38218558311385636,0.27,0.1700411244755748,0.5039207453734463,0.11305405238194367,-0.6964487371018168,0.9485464702375109,0.7957889396245561,0.5885740627605509,0.75,0.5285714285714286,0.6851851851851852,0.773972602739726,0.5967741935483871,0.7295788939624557,0.42738036592071604,0.7282269983572972,0.4708269913749366,113,33,17,37,0.1700411244755748,0.5039207453734463,0.11305405238194367,0.7957889396245561,0.5885740627605509,0.6851851851851852,0.5967741935483871,0.7295788939624557,0.42738036592071604,0.0,0.0,0.0,0.0,0.0,0.0,0.0,0.0,0.0
German Credit,R1_F5,1,5,Sigmoid,15,0.317528622347166,0.27,0.15698623431759512,0.4724970244700056,0.06923278613824371,-0.30222275941621196,0.9947880561094978,0.7957889396245561,0.5885740627605509,0.775,0.5849056603773585,0.5740740740740741,0.8493150684931506,0.5794392523364486,0.7116945712836124,0.42590861262538904,0.6982619576794687,0.4708269913749366,124,22,23,31,0.1700411244755748,0.5039207453734463,0.11305405238194367,0.7957889396245561,0.5885740627605509,0.6851851851851852,0.5967741935483871,0.7295788939624557,0.42738036592071604,-0.01305489015797967,-0.031423720903440755,-0.04382126624369996,0.0,0.0,-0.11111111111111116,-0.01733494121193857,-0.017884322678843323,-0.0014717532953270052
German Credit,R1_F5,1,5,Isotonic,15,0.31614643211165416,0.27,0.15587909994772442,0.46876449263587316,0.06925574470525203,-0.34109891934534003,0.9127431622863886,0.7974378488077117,0.5596209065612924,0.77,0.5909090909090909,0.48148148148148145,0.8767123287671232,0.5306122448979592,0.6790969051243023,0.3838864181916032,0.6497082044178557,0.4393708777270421,128,18,28,26,0.1700411244755748,0.5039207453734463,0.11305405238194367,0.7957889396245561,0.5885740627605509,0.6851851851851852,0.5967741935483871,0.7295788939624557,0.42738036592071604,-0.01416202452785037,-0.03515625273757317,-0.04379830767669164,0.0016489091831556335,-0.028953156199258534,-0.20370370370370378,-0.0661619486504279,-0.05048198883815336,-0.04349394772911286
German Credit,R2_F1,2,1,Uncalibrated,15,0.37192931318872413,0.315,0.1603025466309868,0.4899123333695474,0.0690481822045647,-0.33111421366584887,1.0512045916602977,0.8126520681265207,0.7066453060193015,0.77,0.6307692307692307,0.6507936507936508,0.8248175182481752,0.640625,0.737805584520913,0.4716925756426876,0.7326568118425493,0.5283281195689955,113,24,22,41,0.1603025466309868,0.4899123333695474,0.0690481822045647,0.8126520681265207,0.7066453060193015,0.6507936507936508,0.640625,0.737805584520913,0.4716925756426876,0.0,0.0,0.0,0.0,0.0,0.0,0.0,0.0,0.0
German Credit,R2_F1,2,1,Sigmoid,15,0.30519394307646425,0.315,0.15556323020807675,0.48094632540201276,0.054372674366198234,0.10971643722172959,1.082865604406051,0.8126520681265207,0.7066453060193015,0.77,0.673469387755102,0.5238095238095238,0.8832116788321168,0.5892857142857143,0.7035106013208203,0.43960343555155945,0.6801725434858873,0.5283281195689955,121,16,30,33,0.1603025466309868,0.4899123333695474,0.0690481822045647,0.8126520681265207,0.7066453060193015,0.6507936507936508,0.640625,0.737805584520913,0.4716925756426876,-0.0047393164229100615,-0.008966007967534662,-0.014675507838366464,0.0,0.0,-0.12698412698412698,-0.0513392857142857,-0.03429498320009272,-0.03208914009112812
German Credit,R2_F1,2,1,Isotonic,15,0.3036620101908094,0.315,0.1574046849099874,0.48295488359471905,0.04424148431319944,0.056599385006902626,0.9746002937888446,0.8045417680454177,0.6427778239062457,0.77,0.6545454545454545,0.5714285714285714,0.8613138686131386,0.6101694915254238,0.716371220020855,0.4501888163335722,0.7015549540080392,0.5013324064418955,118,19,27,36,0.1603025466309868,0.4899123333695474,0.0690481822045647,0.8126520681265207,0.7066453060193015,0.6507936507936508,0.640625,0.737805584520913,0.4716925756426876,-0.0028978617209994006,-0.006957449774828373,-0.024806697891365255,-0.008110300081103028,-0.06386748211305582,-0.07936507936507942,-0.03045550847457623,-0.02143436450005809,-0.021503759309115356
German Credit,R2_F2,2,2,Uncalibrated,15,0.3520289322854387,0.23,0.1540101902069716,0.4681012049725122,0.12298978527942465,-0.7724264169870245,1.0744857402587074,0.814652738565782,0.5658233292675998,0.76,0.48333333333333334,0.6304347826086957,0.7987012987012987,0.5471698113207547,0.7145680406549972,0.39408931897634075,0.7095978294893778,0.53613777526821,123,31,17,29,0.1540101902069716,0.4681012049725122,0.12298978527942465,0.814652738565782,0.5658233292675998,0.6304347826086957,0.5471698113207547,0.7145680406549972,0.39408931897634075,0.0,0.0,0.0,0.0,0.0,0.0,0.0,0.0,0.0
German Credit,R2_F2,2,2,Sigmoid,15,0.29833898398378556,0.23,0.1418815657710937,0.438643177694908,0.08158495897173029,-0.3447053963801169,1.1991732232797634,0.814652738565782,0.5658233292675998,0.785,0.5384615384615384,0.45652173913043476,0.8831168831168831,0.49411764705882355,0.6698193111236589,0.36075395847892977,0.6349504353380414,0.53613777526821,136,18,25,21,0.1540101902069716,0.4681012049725122,0.12298978527942465,0.814652738565782,0.5658233292675998,0.6304347826086957,0.5471698113207547,0.7145680406549972,0.39408931897634075,-0.012128624435877894,-0.02945802727760416,-0.04140482630769436,0.0,0.0,-0.17391304347826092,-0.053052164261931156,-0.04474872953133835,-0.03333536049741098
German Credit,R2_F2,2,2,Isotonic,15,0.29861380289022976,0.23,0.14589259247496092,0.44815596578602074,0.07391809571631666,-0.4517713742343863,1.0033904007579701,0.8067476002258611,0.5052292366360428,0.78,0.5277777777777778,0.41304347826086957,0.8896103896103896,0.4634146341463415,0.6513269339356296,0.3315219821475124,0.6061747022283944,0.49915302089215136,137,17,27,19,0.1540101902069716,0.4681012049725122,0.12298978527942465,0.814652738565782,0.5658233292675998,0.6304347826086957,0.5471698113207547,0.7145680406549972,0.39408931897634075,-0.008117597732010678,-0.019945239186491437,-0.04907168956310799,-0.007905138339920903,-0.06059409263155702,-0.2173913043478261,-0.08375517717441322,-0.06324110671936767,-0.06256733682882837
German Credit,R2_F3,2,3,Uncalibrated,15,0.3776258676561002,0.325,0.17854640926493853,0.5299540817487164,0.06983065172207245,-0.3467105581399112,0.8401989825041026,0.7748148148148148,0.6447706072163755,0.715,0.5540540540540541,0.6307692307692307,0.7555555555555555,0.5899280575539568,0.6931623931623931,0.37477878869960135,0.6903486051128057,0.43133903133903134,102,33,24,41,0.17854640926493853,0.5299540817487164,0.06983065172207245,0.7748148148148148,0.6447706072163755,0.6307692307692307,0.5899280575539568,0.6931623931623931,0.37477878869960135,0.0,0.0,0.0,0.0,0.0,0.0,0.0,0.0,0.0
German Credit,R2_F3,2,3,Sigmoid,15,0.31139434440857455,0.325,0.1731544606383842,0.5197224720924949,0.045816945341568716,0.048634137084306535,0.9471754069672312,0.7748148148148148,0.6447706072163755,0.73,0.627906976744186,0.4153846153846154,0.8814814814814815,0.5,0.6484330484330485,0.3384543584270825,0.6051064750552966,0.43133903133903134,119,16,38,27,0.17854640926493853,0.5299540817487164,0.06983065172207245,0.7748148148148148,0.6447706072163755,0.6307692307692307,0.5899280575539568,0.6931623931623931,0.37477878869960135,-0.005391948626554344,-0.010231609656221496,-0.024013706380503735,0.0,0.0,-0.21538461538461534,-0.08992805755395683,-0.044729344729344644,-0.03632443027251886
German Credit,R2_F3,2,3,Isotonic,15,0.32211327675895773,0.325,0.17569098054306173,0.5237440584907143,0.04604019813111651,-0.07695527736836218,0.8197514404834744,0.7691168091168091,0.6080625201882679,0.725,0.578125,0.5692307692307692,0.8,0.5736434108527132,0.6846153846153846,0.3707336495572356,0.6748219138295788,0.415954415954416,108,27,28,37,0.17854640926493853,0.5299540817487164,0.06983065172207245,0.7748148148148148,0.6447706072163755,0.6307692307692307,0.5899280575539568,0.6931623931623931,0.37477878869960135,-0.0028554287218768015,-0.006210023258002129,-0.02379045359095594,-0.005698005698005715,-0.03670808702810757,-0.06153846153846154,-0.016284646701243632,-0.008547008547008517,-0.004045139142365761
German Credit,R2_F4,2,4,Uncalibrated,15,0.36086831385390883,0.29,0.1632103814734722,0.4952180057920077,0.09462790638150195,-0.43899142172001687,0.9713110923131795,0.8050024283632831,0.6002570521063835,0.765,0.5846153846153846,0.6551724137931034,0.8098591549295775,0.6178861788617886,0.7325157843613405,0.45052307784442325,0.7284211538441578,0.5216124332200096,115,27,20,38,0.1632103814734722,0.4952180057920077,0.09462790638150195,0.8050024283632831,0.6002570521063835,0.6551724137931034,0.6178861788617886,0.7325157843613405,0.45052307784442325,0.0,0.0,0.0,0.0,0.0,0.0,0.0,0.0,0.0
German Credit,R2_F4,2,4,Sigmoid,15,0.3012912145608132,0.29,0.15793085614552743,0.4806795597959293,0.07643865345472485,-0.03517120690481916,1.0584835004234667,0.8050024283632831,0.6002570521063835,0.78,0.6666666666666666,0.4827586206896552,0.9014084507042254,0.56,0.6920835356969403,0.4279816188899131,0.6596686291919382,0.5216124332200096,128,14,30,28,0.1632103814734722,0.4952180057920077,0.09462790638150195,0.8050024283632831,0.6002570521063835,0.6551724137931034,0.6178861788617886,0.7325157843613405,0.45052307784442325,-0.005279525327944762,-0.014538445996078397,-0.018189252926777102,0.0,0.0,-0.17241379310344823,-0.057886178861788595,-0.040432248664400205,-0.022541458954510152
German Credit,R2_F4,2,4,Isotonic,15,0.30039969913619435,0.29,0.16746964563555758,0.5061617069093789,0.08513523944508616,-0.16876394413674325,0.8371029025085118,0.7969281204468189,0.5683565622719603,0.755,0.6363636363636364,0.3620689655172414,0.9154929577464789,0.46153846153846156,0.6387809616318602,0.3393148380936899,0.5757356929612643,0.494900437105391,130,12,37,21,0.1632103814734722,0.4952180057920077,0.09462790638150195,0.8050024283632831,0.6002570521063835,0.6551724137931034,0.6178861788617886,0.7325157843613405,0.45052307784442325,0.0042592641620853855,0.010943701117371196,-0.009492666936415789,-0.00807430791646413,-0.031900489834423174,-0.29310344827586204,-0.15634771732332708,-0.0937348227294803,-0.11120823975073335
German Credit,R2_F5,2,5,Uncalibrated,15,0.3651932448730493,0.34,0.17444876519586594,0.5152789944291706,0.09399282924119287,-0.1489031132045972,0.9905359125085285,0.7846479500891266,0.6588813138194846,0.755,0.6557377049180327,0.5882352941176471,0.8409090909090909,0.6201550387596899,0.714572192513369,0.441542527029114,0.7033152965897389,0.429144385026738,111,21,28,40,0.17444876519586594,0.5152789944291706,0.09399282924119287,0.7846479500891266,0.6588813138194846,0.5882352941176471,0.6201550387596899,0.714572192513369,0.441542527029114,0.0,0.0,0.0,0.0,0.0,0.0,0.0,0.0,0.0
German Credit,R2_F5,2,5,Sigmoid,15,0.30006964422783816,0.34,0.1755469931504178,0.5190932788514887,0.09196881919106942,0.3152226448674436,1.1182317094781427,0.7846479500891266,0.6588813138194846,0.72,0.65,0.38235294117647056,0.8939393939393939,0.48148148148148145,0.6381461675579323,0.3272052564635805,0.5846369441852258,0.429144385026738,118,14,42,26,0.17444876519586594,0.5152789944291706,0.09399282924119287,0.7846479500891266,0.6588813138194846,0.5882352941176471,0.6201550387596899,0.714572192513369,0.441542527029114,0.0010982279545518614,0.003814284422318126,-0.0020240100501234537,0.0,0.0,-0.20588235294117652,-0.13867355727820846,-0.07642602495543671,-0.1143372705655335
German Credit,R2_F5,2,5,Isotonic,15,0.30195789138046264,0.34,0.1803707489593963,0.5317508360255645,0.06303841007956515,0.1704624957057579,0.9227274076062054,0.7793560606060607,0.6225649831225744,0.72,0.65,0.38235294117647056,0.8939393939393939,0.48148148148148145,0.6381461675579323,0.3272052564635805,0.5846369441852258,0.429144385026738,118,14,42,26,0.17444876519586594,0.5152789944291706,0.09399282924119287,0.7846479500891266,0.6588813138194846,0.5882352941176471,0.6201550387596899,0.714572192513369,0.441542527029114,0.00592198376353037,0.01647184159639392,-0.030954419161627722,-0.005291889483065915,-0.036316330696910204,-0.20588235294117652,-0.13867355727820846,-0.07642602495543671,-0.1143372705655335
German Credit,R3_F1,3,1,Uncalibrated,15,0.3563171425108383,0.27,0.1528146135967066,0.46237186950716314,0.0934798310029477,-0.48297938763233006,1.2394237520856317,0.8263571790969051,0.653674826552567,0.775,0.5692307692307692,0.6851851851851852,0.8082191780821918,0.6218487394957983,0.7467021816336885,0.46768423529575004,0.7441638308897206,0.5078640284119735,118,28,17,37,0.1528146135967066,0.46237186950716314,0.0934798310029477,0.8263571790969051,0.653674826552567,0.6851851851851852,0.6218487394957983,0.7467021816336885,0.46768423529575004,0.0,0.0,0.0,0.0,0.0,0.0,0.0,0.0,0.0
German Credit,R3_F1,3,1,Sigmoid,15,0.2981175525385317,0.27,0.1455394174119739,0.44513867000178947,0.06265045047377832,-0.001939244277293447,1.326672362923494,0.8263571790969051,0.653674826552567,0.795,0.6666666666666666,0.48148148148148145,0.910958904109589,0.5591397849462365,0.6962201927955353,0.4397458605665948,0.6622762586107339,0.5078640284119735,133,13,28,26,0.1528146135967066,0.46237186950716314,0.0934798310029477,0.8263571790969051,0.653674826552567,0.6851851851851852,0.6218487394957983,0.7467021816336885,0.46768423529575004,-0.007275196184732685,-0.017233199505373664,-0.03082938052916938,0.0,0.0,-0.20370370370370378,-0.06270895454956182,-0.05048198883815325,-0.027938374729155224
German Credit,R3_F1,3,1,Isotonic,15,0.2948596609914658,0.27,0.1459648719957582,0.44491646025084464,0.05419950479819441,-0.01110444644182965,1.2659661460091813,0.8200152207001522,0.6184869914667184,0.795,0.6382978723404256,0.5555555555555556,0.8835616438356164,0.594059405940594,0.719558599695586,0.45978956573981666,0.7006194258716181,0.4941653982749873,129,17,24,30,0.1528146135967066,0.46237186950716314,0.0934798310029477,0.8263571790969051,0.653674826552567,0.6851851851851852,0.6218487394957983,0.7467021816336885,0.46768423529575004,-0.006849741600948395,-0.0174554092563185,-0.03928032620475329,-0.006341958396752889,-0.03518783508584866,-0.12962962962962965,-0.0277893335552043,-0.027143581938102512,-0.007894669555933376
German Credit,R3_F2,3,2,Uncalibrated,15,0.3829230932917473,0.33,0.1703288760118435,0.5169914344746416,0.07753356000898218,-0.34083761046255134,0.894584885872635,0.7946630483943917,0.6546675701688515,0.755,0.6197183098591549,0.6666666666666666,0.7985074626865671,0.6423357664233577,0.7325870646766168,0.45710491484203986,0.7296151783356151,0.48869289914066033,107,27,22,44,0.1703288760118435,0.5169914344746416,0.07753356000898218,0.7946630483943917,0.6546675701688515,0.6666666666666666,0.6423357664233577,0.7325870646766168,0.45710491484203986,0.0,0.0,0.0,0.0,0.0,0.0,0.0,0.0,0.0
German Credit,R3_F2,3,2,Sigmoid,15,0.3180393393203706,0.33,0.16653698765925967,0.5080992710120759,0.07491803710053813,0.10758423966087109,1.0634978391697956,0.7946630483943917,0.6546675701688515,0.76,0.6875,0.5,0.8880597014925373,0.5789473684210527,0.6940298507462687,0.427248453669066,0.6663556488439702,0.48869289914066033,119,15,33,33,0.1703288760118435,0.5169914344746416,0.07753356000898218,0.7946630483943917,0.6546675701688515,0.6666666666666666,0.6423357664233577,0.7325870646766168,0.45710491484203986,-0.0037918883525838165,-0.008892163462565716,-0.0026155229084440512,0.0,0.0,-0.16666666666666663,-0.063388398002305,-0.038557213930348166,-0.029856461172973858
German Credit,R3_F2,3,2,Isotonic,15,0.31780839773962827,0.33,0.1643538207215667,0.5019469606455128,0.055872857320097585,0.08523931264684309,1.0211115514114864,0.7924016282225238,0.6547391222498763,0.76,0.6956521739130435,0.48484848484848486,0.8955223880597015,0.5714285714285714,0.6901854364540931,0.42500334081510516,0.6589329806578536,0.48869289914066033,120,14,34,32,0.1703288760118435,0.5169914344746416,0.07753356000898218,0.7946630483943917,0.6546675701688515,0.6666666666666666,0.6423357664233577,0.7325870646766168,0.45710491484203986,-0.005975055290276782,-0.015044473829128768,-0.021660702688884592,-0.0022614201718679228,7.155208102482824e-05,-0.18181818181818177,-0.07090719499478626,-0.04240162822252369,-0.0321015740269347
German Credit,R3_F3,3,3,Uncalibrated,15,0.3367673063622448,0.245,0.16035309817878945,0.4895158274717781,0.10671442902715421,-0.629188834518693,0.8647442089929891,0.7780781186646843,0.5352565635656854,0.77,0.5254237288135594,0.6326530612244898,0.8145695364238411,0.5740740740740741,0.7236112988241654,0.4217690343751833,0.717871792730956,0.4962832815245304,123,28,18,31,0.16035309817878945,0.4895158274717781,0.10671442902715421,0.7780781186646843,0.5352565635656854,0.6326530612244898,0.5740740740740741,0.7236112988241654,0.4217690343751833,0.0,0.0,0.0,0.0,0.0,0.0,0.0,0.0,0.0
German Credit,R3_F3,3,3,Sigmoid,15,0.28493737862526397,0.245,0.15103279433300137,0.4665439495885948,0.07466943715046143,-0.2894231772712664,0.9505914496653579,0.7780781186646843,0.5352565635656854,0.76,0.5135135135135135,0.3877551020408163,0.8807947019867549,0.4418604651162791,0.6342749020137857,0.29745186017238257,0.5844079393248217,0.4962832815245304,133,18,30,19,0.16035309817878945,0.4895158274717781,0.10671442902715421,0.7780781186646843,0.5352565635656854,0.6326530612244898,0.5740740740740741,0.7236112988241654,0.4217690343751833,-0.00932030384578808,-0.022971877883183278,-0.03204499187669278,0.0,0.0,-0.24489795918367352,-0.132213608957795,-0.08933639681037975,-0.12431717420280075
German Credit,R3_F3,3,3,Isotonic,15,0.28517149766225947,0.245,0.1548508754841805,0.4890344140946197,0.10145647751987497,-0.44763047706984166,0.6993874194862565,0.7755102040816326,0.5108548239651957,0.76,0.5135135135135135,0.3877551020408163,0.8807947019867549,0.4418604651162791,0.6342749020137857,0.29745186017238257,0.5844079393248217,0.48857953777537505,133,18,30,19,0.16035309817878945,0.4895158274717781,0.10671442902715421,0.7780781186646843,0.5352565635656854,0.6326530612244898,0.5740740740740741,0.7236112988241654,0.4217690343751833,-0.005502222694608955,-0.0004814133771584017,-0.005257951507279243,-0.0025679145830517225,-0.024401739600489747,-0.24489795918367352,-0.132213608957795,-0.08933639681037975,-0.12431717420280075
German Credit,R3_F4,3,4,Uncalibrated,15,0.37870240194344973,0.345,0.18169587972334086,0.5375140260767745,0.07866470142684356,-0.2372278043561754,0.8395893578959333,0.7768558468857175,0.5878243018476528,0.715,0.581081081081081,0.6231884057971014,0.7633587786259542,0.6013986013986014,0.6932735922115278,0.38059368241101865,0.6897219296956788,0.47870339639340637,100,31,26,43,0.18169587972334086,0.5375140260767745,0.07866470142684356,0.7768558468857175,0.5878243018476528,0.6231884057971014,0.6013986013986014,0.6932735922115278,0.38059368241101865,0.0,0.0,0.0,0.0,0.0,0.0,0.0,0.0,0.0
German Credit,R3_F4,3,4,Sigmoid,15,0.3141563049463004,0.345,0.18205579151314183,0.5366917382090945,0.07715225715600657,0.09250853733470461,0.8494902553915786,0.7768558468857175,0.5878243018476528,0.71,0.6170212765957447,0.42028985507246375,0.8625954198473282,0.5,0.641442637459896,0.3171581606101202,0.6021130325726264,0.47870339639340637,113,18,40,29,0.18169587972334086,0.5375140260767745,0.07866470142684356,0.7768558468857175,0.5878243018476528,0.6231884057971014,0.6013986013986014,0.6932735922115278,0.38059368241101865,0.00035991178980096517,-0.000822287867679905,-0.0015124442708369934,0.0,0.0,-0.2028985507246377,-0.10139860139860135,-0.0518309547516318,-0.06343552180089845
German Credit,R3_F4,3,4,Isotonic,15,0.31279187977064254,0.345,0.18410122478529034,0.5425083340633248,0.07656100209502646,0.04520304613077589,0.7419770732543967,0.771379577386879,0.5691655705656744,0.715,0.625,0.43478260869565216,0.8625954198473282,0.5128205128205128,0.6486890142714902,0.33099898233273856,0.6124063086629192,0.45890032083195037,113,18,39,30,0.18169587972334086,0.5375140260767745,0.07866470142684356,0.7768558468857175,0.5878243018476528,0.6231884057971014,0.6013986013986014,0.6932735922115278,0.38059368241101865,0.0024053450619494765,0.004994307986550317,-0.002103699331817102,-0.005476269498838504,-0.01865873128197837,-0.18840579710144928,-0.08857808857808858,-0.04458457794003767,-0.049594700078280096
German Credit,R3_F5,3,5,Uncalibrated,15,0.35778826407445036,0.31,0.1678301045179289,0.4991782071741865,0.09643351012751862,-0.26997311397963925,1.034321820647084,0.7861150070126226,0.6601117243317391,0.745,0.5932203389830508,0.5645161290322581,0.8260869565217391,0.5785123966942148,0.6953015427769986,0.39612795822631774,0.6828904823906184,0.41654978962131833,114,24,27,35,0.1678301045179289,0.4991782071741865,0.09643351012751862,0.7861150070126226,0.6601117243317391,0.5645161290322581,0.5785123966942148,0.6953015427769986,0.39612795822631774,0.0,0.0,0.0,0.0,0.0,0.0,0.0,0.0,0.0
German Credit,R3_F5,3,5,Sigmoid,15,0.2981229270060846,0.31,0.1645221080175145,0.493547540589406,0.08571333659335803,0.13607999238216545,1.095099783076156,0.7861150070126226,0.6601117243317391,0.76,0.6842105263157895,0.41935483870967744,0.9130434782608695,0.52,0.6661991584852734,0.391872600140376,0.618780413847279,0.41654978962131833,126,12,36,26,0.1678301045179289,0.4991782071741865,0.09643351012751862,0.7861150070126226,0.6601117243317391,0.5645161290322581,0.5785123966942148,0.6953015427769986,0.39612795822631774,-0.003307996500414412,-0.005630666584780508,-0.01072017353416059,0.0,0.0,-0.14516129032258068,-0.05851239669421482,-0.02910238429172518,-0.004255358085941741
German Credit,R3_F5,3,5,Isotonic,15,0.295803649306229,0.31,0.16836358068554003,0.5051371511561422,0.05855986103248539,0.04691823514224862,0.9410654672475017,0.7710378681626928,0.6056264619931447,0.76,0.6842105263157895,0.41935483870967744,0.9130434782608695,0.52,0.6661991584852734,0.391872600140376,0.618780413847279,0.41654978962131833,126,12,36,26,0.1678301045179289,0.4991782071741865,0.09643351012751862,0.7861150070126226,0.6601117243317391,0.5645161290322581,0.5785123966942148,0.6953015427769986,0.39612795822631774,0.0005334761676111244,0.005958943981955733,-0.037873649095033234,-0.015077138849929783,-0.05448526233859441,-0.14516129032258068,-0.05851239669421482,-0.02910238429172518,-0.004255358085941741
German Credit,R4_F1,4,1,Uncalibrated,15,0.3848163371440419,0.305,0.14913787892860444,0.4553159774045327,0.097010059096659,-0.44575501082251584,1.4476647264324014,0.8559971694775328,0.7191711926537372,0.78,0.6197183098591549,0.7213114754098361,0.8057553956834532,0.6666666666666666,0.7635334355466447,0.5071238168967489,0.7623651443238129,0.5718834768250973,112,27,17,44,0.14913787892860444,0.4553159774045327,0.097010059096659,0.8559971694775328,0.7191711926537372,0.7213114754098361,0.6666666666666666,0.7635334355466447,0.5071238168967489,0.0,0.0,0.0,0.0,0.0,0.0,0.0,0.0,0.0
German Credit,R4_F1,4,1,Sigmoid,15,0.3207277688756182,0.305,0.1436089461096493,0.4400550258310488,0.05645690717712269,0.11858388823284931,1.5035632121830718,0.8559971694775328,0.7191711926537372,0.79,0.6862745098039216,0.5737704918032787,0.8848920863309353,0.625,0.729331289067107,0.4844928845981213,0.7125482212222062,0.5718834768250973,123,16,26,35,0.14913787892860444,0.4553159774045327,0.097010059096659,0.8559971694775328,0.7191711926537372,0.7213114754098361,0.6666666666666666,0.7635334355466447,0.5071238168967489,-0.00552893281895514,-0.01526095157348395,-0.040553151919536304,0.0,0.0,-0.14754098360655743,-0.04166666666666663,-0.034202146479537676,-0.022630932298627615
German Credit,R4_F1,4,1,Isotonic,15,0.32166270139631664,0.305,0.14559792862808807,0.44421430814130825,0.05322280342467365,0.010696656690324621,1.2852891859192208,0.8462082792782168,0.6806330522404676,0.78,0.6545454545454545,0.5901639344262295,0.8633093525179856,0.6206896551724138,0.7267366434721075,0.4675829651024319,0.7137885149741309,0.5503007430121476,120,19,25,36,0.14913787892860444,0.4553159774045327,0.097010059096659,0.8559971694775328,0.7191711926537372,0.7213114754098361,0.6666666666666666,0.7635334355466447,0.5071238168967489,-0.0035399503005163757,-0.011101669263224478,-0.043787255671985346,-0.009788890199315947,-0.03853814041326964,-0.1311475409836066,-0.04597701149425282,-0.03679679207453712,-0.03954085179431699
German Credit,R4_F2,4,2,Uncalibrated,15,0.3442518175716724,0.27,0.16107807306542465,0.4961760912572952,0.11007795884364299,-0.5000335871202627,0.8830737479276992,0.7773972602739727,0.6388493046674293,0.765,0.5614035087719298,0.5925925925925926,0.8287671232876712,0.5765765765765766,0.7106798579401319,0.4144010753804058,0.700800441098995,0.480466768138001,121,25,22,32,0.16107807306542465,0.4961760912572952,0.11007795884364299,0.7773972602739727,0.6388493046674293,0.5925925925925926,0.5765765765765766,0.7106798579401319,0.4144010753804058,0.0,0.0,0.0,0.0,0.0,0.0,0.0,0.0,0.0
German Credit,R4_F2,4,2,Sigmoid,15,0.28862533757764913,0.27,0.15237440906972943,0.47902151926159137,0.08313371930902785,-0.1468339085459092,0.9548978334683592,0.7773972602739727,0.6388493046674293,0.805,0.6666666666666666,0.5555555555555556,0.8972602739726028,0.6060606060606061,0.7264079147640792,0.48141852988827566,0.7060296948321504,0.480466768138001,131,15,24,30,0.16107807306542465,0.4961760912572952,0.11007795884364299,0.7773972602739727,0.6388493046674293,0.5925925925925926,0.5765765765765766,0.7106798579401319,0.4144010753804058,-0.008703663995695221,-0.01715457199570386,-0.02694423953461514,0.0,0.0,-0.03703703703703698,0.029484029484029506,0.01572805682394729,0.06701745450786983
German Credit,R4_F2,4,2,Isotonic,15,0.2848405066591038,0.27,0.15585496835244353,0.5898192652255098,0.08913102161794575,-0.5644058805622106,0.30115408820052697,0.7714992389649924,0.6121954018965232,0.815,0.7428571428571429,0.48148148148148145,0.9383561643835616,0.5842696629213483,0.7099188229325215,0.4905448173237259,0.6721615253677331,0.44266869609335363,137,9,28,26,0.16107807306542465,0.4961760912572952,0.11007795884364299,0.7773972602739727,0.6388493046674293,0.5925925925925926,0.5765765765765766,0.7106798579401319,0.4144010753804058,-0.005223104712981125,0.09364317396821453,-0.020946937225697237,-0.005898021308980317,-0.02665390277090607,-0.1111111111111111,0.007693086344771727,-0.0007610350076103778,0.07614374194332008
German Credit,R4_F3,4,3,Uncalibrated,15,0.3749571436737643,0.31,0.17718310256762584,0.532574863574247,0.08814946513935219,-0.4199122931084013,0.8305428277776655,0.773141654978962,0.6225828061332398,0.735,0.5652173913043478,0.6290322580645161,0.782608695652174,0.5954198473282443,0.705820476858345,0.40049193101935826,0.701631039084655,0.4698457223001402,108,30,23,39,0.17718310256762584,0.532574863574247,0.08814946513935219,0.773141654978962,0.6225828061332398,0.6290322580645161,0.5954198473282443,0.705820476858345,0.40049193101935826,0.0,0.0,0.0,0.0,0.0,0.0,0.0,0.0,0.0
German Credit,R4_F3,4,3,Sigmoid,15,0.31395108272833494,0.31,0.17032480838205571,0.5178157480727077,0.04872226109049973,-0.0708666969902453,0.9158876654151743,0.773141654978962,0.6225828061332398,0.75,0.6363636363636364,0.45161290322580644,0.8840579710144928,0.5283018867924528,0.6678354371201496,0.3747661957267746,0.631863899039794,0.4698457223001402,122,16,34,28,0.17718310256762584,0.532574863574247,0.08814946513935219,0.773141654978962,0.6225828061332398,0.6290322580645161,0.5954198473282443,0.705820476858345,0.40049193101935826,-0.00685829418557013,-0.0147591155015393,-0.039427204048852464,0.0,0.0,-0.1774193548387097,-0.06711796053579144,-0.03798503973819545,-0.02572573529258365
German Credit,R4_F3,4,3,Isotonic,15,0.31318411951041386,0.31,0.168971509490814,0.5149984470076115,0.05410452984358007,-0.12139444868697821,0.8129287529370698,0.771856007480131,0.5907743976612877,0.755,0.6,0.6290322580645161,0.8115942028985508,0.6141732283464567,0.7203132304815334,0.43509330404934626,0.7145060770079891,0.44086021505376344,112,26,23,39,0.17718310256762584,0.532574863574247,0.08814946513935219,0.773141654978962,0.6225828061332398,0.6290322580645161,0.5954198473282443,0.705820476858345,0.40049193101935826,-0.008211593076811852,-0.017576416566635444,-0.03404493529577212,-0.0012856474988310884,-0.0318084084719521,0.0,0.018753381018212445,0.01449275362318836,0.034601373029988
German Credit,R4_F4,4,4,Uncalibrated,15,0.38621326431941005,0.325,0.16787940623200565,0.5002971626445714,0.09530343156438516,-0.3659225318162776,1.0092355019611057,0.8103703703703704,0.6931642076020218,0.73,0.5774647887323944,0.6307692307692307,0.7777777777777778,0.6029411764705882,0.7042735042735042,0.3998909428852601,0.7004272200580804,0.5190883190883191,105,30,24,41,0.16787940623200565,0.5002971626445714,0.09530343156438516,0.8103703703703704,0.6931642076020218,0.6307692307692307,0.6029411764705882,0.7042735042735042,0.3998909428852601,0.0,0.0,0.0,0.0,0.0,0.0,0.0,0.0,0.0
German Credit,R4_F4,4,4,Sigmoid,15,0.3216784667065744,0.325,0.16299800591477687,0.4906580667670932,0.087964388787277,0.09052140320001814,1.1353887696625706,0.8103703703703704,0.6931642076020218,0.755,0.6538461538461539,0.5230769230769231,0.8666666666666667,0.5811965811965812,0.6948717948717948,0.4161692750607111,0.6733003292241385,0.5190883190883191,117,18,31,34,0.16787940623200565,0.5002971626445714,0.09530343156438516,0.8103703703703704,0.6931642076020218,0.6307692307692307,0.6029411764705882,0.7042735042735042,0.3998909428852601,-0.004881400317228779,-0.009639095877478132,-0.0073390427771081596,0.0,0.0,-0.10769230769230764,-0.02174459527400696,-0.009401709401709368,0.016278332175450994
German Credit,R4_F4,4,4,Isotonic,15,0.31941619693664386,0.325,0.16513909785674677,0.49764985198685674,0.06053401967214372,0.033896753473920106,1.0004325948352744,0.8017094017094017,0.6341942549871342,0.755,0.7,0.4307692307692308,0.9111111111111111,0.5333333333333333,0.670940170940171,0.4003203845127178,0.6264811509364289,0.5042735042735043,123,12,37,28,0.16787940623200565,0.5002971626445714,0.09530343156438516,0.8103703703703704,0.6931642076020218,0.6307692307692307,0.6029411764705882,0.7042735042735042,0.3998909428852601,-0.0027403083752588764,-0.002647310657714619,-0.03476941189224144,-0.00866096866096866,-0.05896995261488758,-0.19999999999999996,-0.06960784313725488,-0.033333333333333215,0.0004294416274576718
German Credit,R4_F5,4,5,Uncalibrated,15,0.31835064916640404,0.29,0.16650605325096732,0.4944434169690322,0.058601563674889556,-0.211597118712808,0.9263645139805197,0.7878824672170957,0.5476835808939932,0.73,0.5384615384615384,0.4827586206896552,0.8309859154929577,0.509090909090909,0.6568722680913065,0.3245650939247319,0.6333763607649963,0.4698882952889752,118,24,30,28,0.16650605325096732,0.4944434169690322,0.058601563674889556,0.7878824672170957,0.5476835808939932,0.4827586206896552,0.509090909090909,0.6568722680913065,0.3245650939247319,0.0,0.0,0.0,0.0,0.0,0.0,0.0,0.0,0.0
German Credit,R4_F5,4,5,Sigmoid,15,0.2650805152111923,0.29,0.16670627017521705,0.4937909499441721,0.05154987247903884,0.2148909451568625,1.0741402465126402,0.7878824672170957,0.5476835808939932,0.745,0.6296296296296297,0.29310344827586204,0.9295774647887324,0.4,0.6113404565322972,0.2956897218285536,0.5219792719726629,0.4698882952889752,132,10,41,17,0.16650605325096732,0.4944434169690322,0.058601563674889556,0.7878824672170957,0.5476835808939932,0.4827586206896552,0.509090909090909,0.6568722680913065,0.3245650939247319,0.00020021692424973536,-0.0006524670248601039,-0.007051691195850716,0.0,0.0,-0.18965517241379315,-0.10909090909090902,-0.045531811559009316,-0.028875372096178298
German Credit,R4_F5,4,5,Isotonic,15,0.2579249902508559,0.29,0.1690162707282017,0.499411161546714,0.07016911078249165,0.19549051594280173,0.9942352794132049,0.7845434677027684,0.512657152733506,0.73,0.6,0.20689655172413793,0.9436619718309859,0.3076923076923077,0.575279261777562,0.2277258154059843,0.4418601678868911,0.44876153472559493,134,8,46,12,0.16650605325096732,0.4944434169690322,0.058601563674889556,0.7878824672170957,0.5476835808939932,0.4827586206896552,0.509090909090909,0.6568722680913065,0.3245650939247319,0.002510217477234372,0.0049677445776817875,0.011567547107602091,-0.0033389995143272566,-0.03502642816048718,-0.27586206896551724,-0.20139860139860133,-0.08159300631374455,-0.09683927851874757
German Credit,R5_F1,5,1,Uncalibrated,15,0.4009234115304755,0.28,0.16844896079211844,0.49782852472003136,0.12932815678402348,-0.730200265589611,1.1288343288092346,0.8138640873015873,0.6537856664236311,0.73,0.5131578947368421,0.6964285714285714,0.7430555555555556,0.5909090909090909,0.7197420634920635,0.4065376898328641,0.7193643854456648,0.5158730158730158,107,37,17,39,0.16844896079211844,0.49782852472003136,0.12932815678402348,0.8138640873015873,0.6537856664236311,0.6964285714285714,0.5909090909090909,0.7197420634920635,0.4065376898328641,0.0,0.0,0.0,0.0,0.0,0.0,0.0,0.0,0.0
German Credit,R5_F1,5,1,Sigmoid,15,0.3386449572446964,0.28,0.15466865774852936,0.46671746044199736,0.08607654367846779,-0.2947879577026825,1.1968756086773207,0.8138640873015873,0.6537856664236311,0.765,0.5849056603773585,0.5535714285714286,0.8472222222222222,0.5688073394495413,0.7003968253968254,0.4077551832698003,0.6848342981137961,0.5158730158730158,122,22,25,31,0.16844896079211844,0.49782852472003136,0.12932815678402348,0.8138640873015873,0.6537856664236311,0.6964285714285714,0.5909090909090909,0.7197420634920635,0.4065376898328641,-0.01378030304358907,-0.031111064278034006,-0.0432516131055557,0.0,0.0,-0.1428571428571428,-0.022101751459549623,-0.019345238095238138,0.0012174934369362234
German Credit,R5_F1,5,1,Isotonic,15,0.33892110645785123,0.28,0.15703516636342463,0.47058695811195816,0.06777359113109946,-0.35755524116896525,1.0390510232007395,0.8079117063492063,0.585947695901487,0.77,0.5833333333333334,0.625,0.8263888888888888,0.603448275862069,0.7256944444444444,0.44226898133585163,0.7186745129441808,0.4742063492063492,119,25,21,35,0.16844896079211844,0.49782852472003136,0.12932815678402348,0.8138640873015873,0.6537856664236311,0.6964285714285714,0.5909090909090909,0.7197420634920635,0.4065376898328641,-0.011413794428693808,-0.027241566608073198,-0.061554565652924026,-0.005952380952381042,-0.06783797052214413,-0.0714285714285714,0.01253918495297801,0.005952380952380931,0.03573129150298754
German Credit,R5_F2,5,2,Uncalibrated,15,0.3593862697764933,0.35,0.16578199425704854,0.5027519782818051,0.051488246325532,-0.05454940344103491,1.0035362323969863,0.8056043956043957,0.6971858037057643,0.755,0.6779661016949152,0.5714285714285714,0.8538461538461538,0.6201550387596899,0.7126373626373625,0.444789684618333,0.6985070421349293,0.5065934065934066,111,19,30,40,0.16578199425704854,0.5027519782818051,0.051488246325532,0.8056043956043957,0.6971858037057643,0.5714285714285714,0.6201550387596899,0.7126373626373625,0.444789684618333,0.0,0.0,0.0,0.0,0.0,0.0,0.0,0.0,0.0
German Credit,R5_F2,5,2,Sigmoid,15,0.2923080333441935,0.35,0.16951984832799052,0.5128890391430382,0.07397413548782758,0.37893135522817895,1.0334973310514184,0.8056043956043957,0.6971858037057643,0.735,0.6976744186046512,0.42857142857142855,0.9,0.5309734513274337,0.6642857142857143,0.38147531312078387,0.6210590034081188,0.5065934065934066,117,13,40,30,0.16578199425704854,0.5027519782818051,0.051488246325532,0.8056043956043957,0.6971858037057643,0.5714285714285714,0.6201550387596899,0.7126373626373625,0.444789684618333,0.003737854070941987,0.010137060861233116,0.02248588916229558,0.0,0.0,-0.14285714285714285,-0.08918158743225624,-0.04835164835164829,-0.06331437149754915
German Credit,R5_F2,5,2,Isotonic,15,0.29747950386833755,0.35,0.1697133865432465,0.5638843861613584,0.06321427775354883,0.08385135815915219,0.6725634014699704,0.8017032967032967,0.6748038058894261,0.75,0.8333333333333334,0.35714285714285715,0.9615384615384616,0.5,0.6593406593406593,0.4256887899825743,0.5860090386731193,0.49230769230769234,125,5,45,25,0.16578199425704854,0.5027519782818051,0.051488246325532,0.8056043956043957,0.6971858037057643,0.5714285714285714,0.6201550387596899,0.7126373626373625,0.444789684618333,0.00393139228619796,0.06113240787955332,0.011726031428016835,-0.0039010989010990205,-0.022381997816338206,-0.21428571428571425,-0.12015503875968991,-0.05329670329670322,-0.019100894635758703
German Credit,R5_F3,5,3,Uncalibrated,15,0.33786453302242253,0.295,0.15425800902035244,0.4692547768353464,0.08661379139660264,-0.17684964051729957,1.2146842059567668,0.8224546219497536,0.6409557613964563,0.78,0.6363636363636364,0.5932203389830508,0.8581560283687943,0.6140350877192983,0.7256881836759226,0.4610086065885724,0.7134953469009344,0.57915614857555,121,20,24,35,0.15425800902035244,0.4692547768353464,0.08661379139660264,0.8224546219497536,0.6409557613964563,0.5932203389830508,0.6140350877192983,0.7256881836759226,0.4610086065885724,0.0,0.0,0.0,0.0,0.0,0.0,0.0,0.0,0.0
German Credit,R5_F3,5,3,Sigmoid,15,0.2807009404193831,0.295,0.15493482422521399,0.4689386210401693,0.06780510419317069,0.3495575978469781,1.3681400953706566,0.8224546219497536,0.6409557613964563,0.765,0.6875,0.3728813559322034,0.9290780141843972,0.4835164835164835,0.6509796850583003,0.3756249598221446,0.5885880305407823,0.57915614857555,131,10,37,22,0.15425800902035244,0.4692547768353464,0.08661379139660264,0.8224546219497536,0.6409557613964563,0.5932203389830508,0.6140350877192983,0.7256881836759226,0.4610086065885724,0.0006768152048615417,-0.0003161557951770755,-0.018808687203431942,0.0,0.0,-0.22033898305084743,-0.13051860420281475,-0.0747084986176223,-0.08538364676642779
German Credit,R5_F3,5,3,Isotonic,15,0.2783374751291113,0.295,0.15882118560345723,0.4796606821194422,0.04798334142739614,0.20070150632225883,1.1285028206990888,0.7960091357134271,0.5863020767915273,0.775,0.64,0.5423728813559322,0.8723404255319149,0.5871559633027523,0.7073566534439235,0.43677010104677455,0.6878472142263896,0.46520014424810674,123,18,27,32,0.15425800902035244,0.4692547768353464,0.08661379139660264,0.8224546219497536,0.6409557613964563,0.5932203389830508,0.6140350877192983,0.7256881836759226,0.4610086065885724,0.004563176583104789,0.010405905284095796,-0.0386304499692065,-0.026445486236326476,-0.05465368460492892,-0.05084745762711862,-0.02687912441654594,-0.01833153023199907,-0.02423850554179785
German Credit,R5_F4,5,4,Uncalibrated,15,0.3860360456204316,0.29,0.17831082541328422,0.5321737298045321,0.0982244340123104,-0.6094339905124792,0.8128620093944511,0.7722195240407965,0.5914130538005384,0.73,0.5303030303030303,0.603448275862069,0.7816901408450704,0.5645161290322581,0.6925692083535697,0.3716641250136264,0.6868111587265713,0.4409907722195241,111,31,23,35,0.17831082541328422,0.5321737298045321,0.0982244340123104,0.7722195240407965,0.5914130538005384,0.603448275862069,0.5645161290322581,0.6925692083535697,0.3716641250136264,0.0,0.0,0.0,0.0,0.0,0.0,0.0,0.0,0.0
German Credit,R5_F4,5,4,Sigmoid,15,0.32429647518328963,0.29,0.16645489308002476,0.5044320184430842,0.062936253676708,-0.2441728688299629,0.9256436485484192,0.7722195240407965,0.5914130538005384,0.745,0.5686274509803921,0.5,0.8450704225352113,0.5321100917431193,0.6725352112676056,0.3592424771219879,0.6500270850261592,0.4409907722195241,120,22,29,29,0.17831082541328422,0.5321737298045321,0.0982244340123104,0.7722195240407965,0.5914130538005384,0.603448275862069,0.5645161290322581,0.6925692083535697,0.3716641250136264,-0.011855932333259461,-0.027741711361447985,-0.035288180335602395,0.0,0.0,-0.10344827586206895,-0.03240603728913882,-0.020033997085964095,-0.012421647891638465
German Credit,R5_F4,5,4,Isotonic,15,0.32886736588695525,0.29,0.17138467092893936,0.5747415490203251,0.07578228199410222,-0.565087563163337,0.4606779598844603,0.7671199611461873,0.5600117519973214,0.76,0.6086956521739131,0.4827586206896552,0.8732394366197183,0.5384615384615384,0.6779990286546868,0.3838543978674098,0.6492794975619873,0.430791646430306,124,18,30,28,0.17831082541328422,0.5321737298045321,0.0982244340123104,0.7722195240407965,0.5914130538005384,0.603448275862069,0.5645161290322581,0.6925692083535697,0.3716641250136264,-0.00692615448434486,0.042567819215793,-0.022442152018208178,-0.005099562894609222,-0.031401301803216985,-0.12068965517241376,-0.026054590570719682,-0.014570179698882968,0.012190272853783435
German Credit,R5_F5,5,5,Uncalibrated,15,0.33428859525604004,0.285,0.1453937324462219,0.44862771254251865,0.09836230741606496,-0.25174326067531144,1.172465728568398,0.8333946754999386,0.6513639067785759,0.83,0.7017543859649122,0.7017543859649122,0.8811188811188811,0.7017543859649122,0.7914366335418968,0.5828732670837934,0.7863390104666504,0.5828732670837934,126,17,17,40,0.1453937324462219,0.44862771254251865,0.09836230741606496,0.8333946754999386,0.6513639067785759,0.7017543859649122,0.7017543859649122,0.7914366335418968,0.5828732670837934,0.0,0.0,0.0,0.0,0.0,0.0,0.0,0.0,0.0
German Credit,R5_F5,5,5,Sigmoid,15,0.277195508825905,0.285,0.14440851057403375,0.4446551250739199,0.11387822251781915,0.25656491678198856,1.290530493956756,0.8333946754999386,0.6513639067785759,0.79,0.7142857142857143,0.43859649122807015,0.9300699300699301,0.5434782608695652,0.6843332106490001,0.43798883063117117,0.6386903850265854,0.5828732670837934,133,10,32,25,0.1453937324462219,0.44862771254251865,0.09836230741606496,0.8333946754999386,0.6513639067785759,0.7017543859649122,0.7017543859649122,0.7914366335418968,0.5828732670837934,-0.0009852218721881356,-0.003972587468598743,0.015515915101754194,0.0,0.0,-0.2631578947368421,-0.15827612509534705,-0.10710342289289665,-0.14488443645262222
German Credit,R5_F5,5,5,Isotonic,15,0.27802179354445383,0.285,0.14351599644969432,0.4420583209393804,0.1082840372095092,0.19354501045299088,1.1952240379425834,0.837995337995338,0.6477452821519648,0.8,0.7297297297297297,0.47368421052631576,0.9300699300699301,0.574468085106383,0.701877070298123,0.46938344865441184,0.6637465183030646,0.5688872530977793,133,10,30,27,0.1453937324462219,0.44862771254251865,0.09836230741606496,0.8333946754999386,0.6513639067785759,0.7017543859649122,0.7017543859649122,0.7914366335418968,0.5828732670837934,-0.0018777359965275742,-0.0065693916031382416,0.009921729793444245,0.004600662495399366,-0.003618624626611111,-0.22807017543859648,-0.1272863008585292,-0.08955956324377379,-0.11348981842938155
