dataset,run_id,repeat,fold,selector,retained_fraction,total_source_features,selected_source_features,selected_transformed_features,feature_reduction_pct,selector_runtime_seconds,xgb_runtime_seconds,accuracy,precision_adverse,recall_adverse,specificity,f1_adverse,balanced_accuracy,mcc,roc_auc,pr_auc,gmean,ks_statistic,tn,fp,fn,tp
Australian Credit Approval,R1_F1,1,1,GroupAware_Chi2,0.75,14,11,36,21.42857142857143,0.032326399988960475,0.30109490000177175,0.855072463768116,0.9178082191780822,0.8271604938271605,0.8947368421052632,0.8701298701298701,0.8609486679662118,0.7120939041127624,0.9189950184102231,0.9503117771225328,0.8602853992490769,0.7322936972059779,51,6,14,67
Australian Credit Approval,R1_F2,1,2,GroupAware_Chi2,0.75,14,11,37,21.42857142857143,0.04539779998594895,0.2788265999988653,0.8478260869565217,0.8846153846153846,0.8518518518518519,0.8421052631578947,0.8679245283018868,0.8469785575048733,0.6892704238533526,0.9315572882824344,0.9451552333715687,0.8469645375546981,0.7621832358674463,48,9,12,69
Australian Credit Approval,R1_F3,1,3,GroupAware_Chi2,0.75,14,11,37,21.42857142857143,0.045207299990579486,0.2818976999842562,0.8768115942028986,0.8888888888888888,0.9,0.8448275862068966,0.8944099378881988,0.8724137931034484,0.7466804942112601,0.9344827586206896,0.9487628443437309,0.8719775384642697,0.7793103448275862,49,9,8,72
Australian Credit Approval,R1_F4,1,4,GroupAware_Chi2,0.75,14,11,37,21.42857142857143,0.04449379997095093,0.28773600002750754,0.8478260869565217,0.8026315789473685,0.9104477611940298,0.7887323943661971,0.8531468531468531,0.8495900777801135,0.7025108373018846,0.911709060332142,0.8618599544264596,0.847407601235622,0.7298717679209585,56,15,6,61
Australian Credit Approval,R1_F5,1,5,GroupAware_Chi2,0.75,14,11,37,21.42857142857143,0.04518580000149086,0.3456468000076711,0.8913043478260869,0.927536231884058,0.8648648648648649,0.921875,0.8951048951048951,0.8933699324324325,0.7846715615207802,0.9410895270270271,0.9551626817156764,0.8929150560368536,0.8023648648648649,59,5,10,64
Australian Credit Approval,R2_F1,2,1,GroupAware_Chi2,0.75,14,11,37,21.42857142857143,0.04431599995587021,0.3098476000013761,0.8115942028985508,0.8051948051948052,0.8493150684931506,0.7692307692307693,0.8266666666666667,0.80927291886196,0.6216983533884065,0.9032665964172814,0.9029604216661754,0.8082816857112808,0.6680716543730242,50,15,11,62
Australian Credit Approval,R2_F2,2,2,GroupAware_Chi2,0.75,14,11,37,21.42857142857143,0.04481260001193732,0.28431800001999363,0.8478260869565217,0.9230769230769231,0.8275862068965517,0.8823529411764706,0.8727272727272727,0.8549695740365111,0.6912623650661462,0.8988054992111787,0.9278412072608369,0.8545309378438276,0.7295469912102772,45,6,15,72
Australian Credit Approval,R2_F3,2,3,GroupAware_Chi2,0.75,14,11,37,21.42857142857143,0.045583800005260855,0.3009396999841556,0.8913043478260869,0.9014084507042254,0.8888888888888888,0.8939393939393939,0.8951048951048951,0.8914141414141414,0.7824167660659824,0.9305555555555556,0.9197986421920159,0.8914105645620286,0.8156565656565657,59,7,8,64
Australian Credit Approval,R2_F4,2,4,GroupAware_Chi2,0.75,14,11,37,21.42857142857143,0.04675310000311583,0.27977279998594895,0.8405797101449275,0.8533333333333334,0.8533333333333334,0.8253968253968254,0.8533333333333334,0.8393650793650793,0.6787301587301587,0.9161904761904762,0.9081723529122141,0.8392488453007394,0.7320634920634921,52,11,11,64
Australian Credit Approval,R2_F5,2,5,GroupAware_Chi2,0.75,14,11,35,21.42857142857143,0.04351170000154525,0.29619799996726215,0.9057971014492754,0.8987341772151899,0.9342105263157895,0.8709677419354839,0.9161290322580645,0.9025891341256367,0.8095713569330298,0.9800509337860781,0.9834648294010678,0.9020350506480461,0.8887945670628183,54,8,5,71
Australian Credit Approval,R3_F1,3,1,GroupAware_Chi2,0.75,14,11,37,21.42857142857143,0.044415000011213124,0.28127480001421645,0.8115942028985508,0.8026315789473685,0.8472222222222222,0.7727272727272727,0.8243243243243243,0.8099747474747474,0.6225752987168809,0.9143518518518519,0.934252866616817,0.809117863584606,0.6994949494949495,51,15,11,61
Australian Credit Approval,R3_F2,3,2,GroupAware_Chi2,0.75,14,11,37,21.42857142857143,0.04450850002467632,0.2862662000115961,0.8768115942028986,0.9041095890410958,0.868421052631579,0.8870967741935484,0.8859060402684564,0.8777589134125636,0.7528860472241714,0.9168081494057725,0.913704725513597,0.8777092425349293,0.7584889643463497,55,7,10,66
Australian Credit Approval,R3_F3,3,3,GroupAware_Chi2,0.75,14,11,37,21.42857142857143,0.04400669998722151,0.2838712999946438,0.8478260869565217,0.8571428571428571,0.868421052631579,0.8225806451612904,0.8627450980392157,0.8455008488964346,0.6921041848489684,0.9410016977928692,0.9567910137246585,0.8451901263889274,0.7775891341256367,51,11,10,66
Australian Credit Approval,R3_F4,3,4,GroupAware_Chi2,0.75,14,11,37,21.42857142857143,0.045263700012583286,0.28775339998537675,0.9057971014492754,0.9066666666666666,0.918918918918919,0.890625,0.912751677852349,0.9047719594594594,0.8104856973673661,0.9343327702702703,0.9357990946574605,0.9046613521988005,0.809543918918919,57,7,6,68
Australian Credit Approval,R3_F5,3,5,GroupAware_Chi2,0.75,14,11,37,21.42857142857143,0.04452769999625161,0.2877256000065245,0.855072463768116,0.8823529411764706,0.8823529411764706,0.8113207547169812,0.8823529411764706,0.8468368479467259,0.6936736958934517,0.9223085460599334,0.911521061525927,0.8460917528034665,0.7480577136514983,43,10,10,75
Australian Credit Approval,R4_F1,4,1,GroupAware_Chi2,0.75,14,11,36,21.42857142857143,0.043647500046063215,0.2965119000291452,0.8478260869565217,0.8441558441558441,0.8783783783783784,0.8125,0.8609271523178808,0.8454391891891893,0.6937406901793864,0.9330658783783784,0.9432364545740992,0.844797272978809,0.7440878378378378,52,12,9,65
Australian Credit Approval,R4_F2,4,2,GroupAware_Chi2,0.75,14,11,37,21.42857142857143,0.04600400000344962,0.29111200000625104,0.8188405797101449,0.8428571428571429,0.8082191780821918,0.8307692307692308,0.8251748251748252,0.8194942044257113,0.6379808049517419,0.916754478398314,0.9345259148711199,0.8194166369242709,0.6935721812434141,54,11,14,59
Australian Credit Approval,R4_F3,4,3,GroupAware_Chi2,0.75,14,11,37,21.42857142857143,0.04385069996351376,0.2869768000091426,0.8623188405797102,0.8714285714285714,0.8591549295774648,0.8656716417910447,0.8652482269503546,0.8624132856842548,0.7245981236332452,0.9209585873449654,0.8969670805702847,0.8624071303277782,0.7397519445028379,58,9,10,61
Australian Credit Approval,R4_F4,4,4,GroupAware_Chi2,0.75,14,11,37,21.42857142857143,0.043970200000330806,0.2904971000389196,0.8405797101449275,0.9047619047619048,0.8444444444444444,0.8333333333333334,0.8735632183908046,0.8388888888888889,0.661443382776228,0.9148148148148147,0.9510771158752658,0.8388704928078611,0.7236111111111111,40,8,14,76
Australian Credit Approval,R4_F5,4,5,GroupAware_Chi2,0.75,14,11,37,21.42857142857143,0.05001269996864721,0.3096408999990672,0.9202898550724637,0.9102564102564102,0.9466666666666667,0.8888888888888888,0.9281045751633987,0.9177777777777778,0.8395630392448782,0.9377777777777778,0.9251308342477232,0.9173229973577908,0.8463492063492064,56,7,4,71
Australian Credit Approval,R5_F1,5,1,GroupAware_Chi2,0.75,14,11,37,21.42857142857143,0.04770880000432953,0.3002932999515906,0.8478260869565217,0.8552631578947368,0.8666666666666667,0.8253968253968254,0.8609271523178808,0.846031746031746,0.6930175061314634,0.9358730158730159,0.9523909271792562,0.845780063222062,0.7473015873015874,52,11,10,65
Australian Credit Approval,R5_F2,5,2,GroupAware_Chi2,0.75,14,11,37,21.42857142857143,0.0444924000184983,0.28953179996460676,0.8478260869565217,0.8625,0.8734177215189873,0.8135593220338984,0.8679245283018868,0.8434885217764428,0.6885298702383348,0.920188800686548,0.9362548292274124,0.8429573710285589,0.7337481227204463,48,11,10,69
Australian Credit Approval,R5_F3,5,3,GroupAware_Chi2,0.75,14,11,37,21.42857142857143,0.04490749997785315,0.30030949995853007,0.8768115942028986,0.8783783783783784,0.8904109589041096,0.8615384615384616,0.8843537414965986,0.8759747102212856,0.7526635602947612,0.9264488935721812,0.9128673031724052,0.8758557459257963,0.7740779768177029,56,9,8,65
Australian Credit Approval,R5_F4,5,4,GroupAware_Chi2,0.75,14,11,37,21.42857142857143,0.044238500006031245,0.29921520000789315,0.8840579710144928,0.9,0.9,0.8620689655172413,0.9,0.8810344827586207,0.7620689655172413,0.9247844827586207,0.9429989917486925,0.8808303292720552,0.7870689655172414,50,8,8,72
Australian Credit Approval,R5_F5,5,5,GroupAware_Chi2,0.75,14,11,37,21.42857142857143,0.05076689994893968,0.34577919996809214,0.8478260869565217,0.8985507246376812,0.8157894736842105,0.8870967741935484,0.8551724137931035,0.8514431239388794,0.699259856097678,0.9223259762308997,0.911465761401939,0.8506963092234007,0.7920203735144312,55,7,14,62
Taiwan Credit Card Default,R1_F1,1,1,GroupAware_Chi2,0.75,23,18,24,21.739130434782606,0.13463210000190884,0.8600386999896728,0.8244707451241874,0.6771428571428572,0.36433512682551883,0.951894423158791,0.4737631184407796,0.658114774992155,0.40593044490911195,0.7897674415560745,0.5580176741346131,0.5889045554128973,0.43288294788467074,4472,226,827,474
Taiwan Credit Card Default,R1_F2,1,2,GroupAware_Chi2,0.75,23,18,24,21.739130434782606,0.12146689998917282,0.8976920999702998,0.8187427046856762,0.6721536351165981,0.3662182361733931,0.9487014380768405,0.4741170778906628,0.6574598371251168,0.40122460500868123,0.7784457553745406,0.554330335823251,0.5894334290720726,0.4286977228123974,4420,239,848,490
Taiwan Credit Card Default,R1_F3,1,3,GroupAware_Chi2,0.75,23,18,24,21.739130434782606,0.11247669998556376,0.9220769999665208,0.8195601466177941,0.6508795669824087,0.3683001531393568,0.9450596252129472,0.4704156479217604,0.656679889176152,0.3934956898980741,0.7840129327099927,0.5458656355402961,0.5899708507136192,0.4433094145484998,4438,258,825,481
Taiwan Credit Card Default,R1_F4,1,4,GroupAware_Chi2,0.75,23,18,24,21.739130434782606,0.11846039997180924,0.8871888000285253,0.8271666666666667,0.6989100817438693,0.3860045146726862,0.9526867908370799,0.4973339796412991,0.669345652754883,0.4292230288412792,0.7780558169220165,0.5715914533686397,0.6064168552506979,0.42658099323765625,4450,221,816,513
Taiwan Credit Card Default,R1_F5,1,5,GroupAware_Chi2,0.75,23,18,24,21.739130434782606,0.1356493000057526,0.86363330000313,0.8150616461179607,0.6784702549575071,0.35168869309838474,0.9510775862068965,0.4632495164410058,0.6513831396526406,0.39362140677997676,0.7859200940553951,0.5711377669776189,0.5783452544356785,0.4528222947997367,4413,227,883,479
Taiwan Credit Card Default,R2_F1,2,1,GroupAware_Chi2,0.75,23,18,24,21.739130434782606,0.11270870000589639,0.8187025999650359,0.8206839032527106,0.6680613668061367,0.3639817629179331,0.9491344304338534,0.47122479094933595,0.6565580966758933,0.39940704866619137,0.7871039586433857,0.5533846319731436,0.5877649387598943,0.4476341618211358,4441,238,837,479
Taiwan Credit Card Default,R2_F2,2,2,GroupAware_Chi2,0.75,23,18,24,21.739130434782606,0.1105093999649398,0.8306905999779701,0.8330278286952174,0.7171145685997171,0.387318563789152,0.9573742540494459,0.5029761904761905,0.672346408919299,0.4415494864394025,0.7952659208300852,0.5889442842291936,0.608940736925312,0.4495189380099866,4492,200,802,507
Taiwan Credit Card Default,R2_F3,2,3,GroupAware_Chi2,0.75,23,18,24,21.739130434782606,0.11022779997438192,0.8314943999866955,0.8162279240253248,0.649932157394844,0.36178247734138974,0.9448482257374946,0.4648229015041242,0.6533153515394422,0.3873974952339186,0.7786334988355857,0.5414555273334714,0.5846618953026848,0.4227275838953048,4420,258,845,479
Taiwan Credit Card Default,R2_F4,2,4,GroupAware_Chi2,0.75,23,18,24,21.739130434782606,0.11718800000380725,0.8673853000509553,0.8192570381475929,0.6822558459422283,0.3674074074074074,0.950354609929078,0.47761194029850745,0.6588810086682427,0.4066453360740874,0.7773479475607136,0.5642457037021138,0.5909038190363306,0.43217995558421096,4422,231,854,496
Taiwan Credit Card Default,R2_F5,2,5,GroupAware_Chi2,0.75,23,18,24,21.739130434782606,0.13035709998803213,0.8908947999589145,0.8171361893648942,0.6648351648351648,0.36200448765893795,0.9476619476619477,0.4687651331719128,0.6548332176604428,0.3946696906586359,0.7753263467549182,0.5491082110406116,0.5857114288087903,0.42920257579943444,4418,244,853,484
Taiwan Credit Card Default,R3_F1,3,1,GroupAware_Chi2,0.75,23,18,24,21.739130434782606,0.1143273999914527,0.8460592000046745,0.8139689948324721,0.662873399715505,0.3464684014869889,0.9490760636012032,0.455078125,0.647772232544096,0.38321765701217786,0.7680195155304708,0.5443174206871528,0.5734325301598023,0.4140297429720287,4417,237,879,466
Taiwan Credit Card Default,R3_F2,3,2,GroupAware_Chi2,0.75,23,18,24,21.739130434782606,0.1183407999924384,0.8175842000055127,0.8217260913028991,0.6680790960451978,0.36162079510703365,0.949936088623775,0.46924603174603174,0.6557784418654043,0.39875318830947454,0.7852589159953041,0.5607404640416115,0.58610292924451,0.43614921254148376,4459,235,835,473
Taiwan Credit Card Default,R3_F3,3,3,GroupAware_Chi2,0.75,23,18,24,21.739130434782606,0.11895000003278255,0.823731400014367,0.8258043007167861,0.6918844566712518,0.37990936555891236,0.9520855614973261,0.4904924427108727,0.6659974635281193,0.4219017643769616,0.7800051698789926,0.5708688493041485,0.6014201706180546,0.4392700777097436,4451,224,821,503
Taiwan Credit Card Default,R3_F4,3,4,GroupAware_Chi2,0.75,23,18,24,21.739130434782606,0.11149949999526143,0.9034862000262365,0.8211666666666667,0.6828609986504723,0.37648809523809523,0.9495274914089347,0.4853717026378897,0.663007793323515,0.4131272049461291,0.7878053216024382,0.5708024156580799,0.597901159571343,0.45501196612665684,4421,235,838,506
Taiwan Credit Card Default,R3_F5,3,5,GroupAware_Chi2,0.75,23,18,24,21.739130434782606,0.120023499999661,0.9240977999870665,0.8198333333333333,0.6576819407008087,0.37110266159695815,0.9457844183564568,0.4744773942634905,0.6584435399767075,0.3982079838081642,0.7880123848054832,0.5513568358087383,0.5924382794426877,0.4394236114774521,4431,254,827,488
Taiwan Credit Card Default,R4_F1,4,1,GroupAware_Chi2,0.75,23,18,24,21.739130434782606,0.11053959996206686,0.8854276000056416,0.8244414804934979,0.7007194244604317,0.3656156156156156,0.9554222031718816,0.48051307350764677,0.6605189093937487,0.41689574235996313,0.7832739780071543,0.5707120517435131,0.5910306903922293,0.4339883175073917,4458,208,845,487
Taiwan Credit Card Default,R4_F2,4,2,GroupAware_Chi2,0.75,23,18,24,21.739130434782606,0.1296977000311017,1.0281543000019155,0.8245584805064978,0.6772334293948127,0.36181678214010776,0.9523708271316181,0.47165077772202707,0.657093804635863,0.4046093608687083,0.7894759327617034,0.5613662395383098,0.5870125621116424,0.4462447356010945,4479,224,829,470
Taiwan Credit Card Default,R4_F3,4,3,GroupAware_Chi2,0.75,23,18,24,21.739130434782606,0.18496440001763403,1.1162586000282317,0.8151666666666667,0.6713091922005571,0.35571955719557197,0.9491926803013994,0.46502653159671975,0.6524561187484856,0.39280403570172656,0.7813190392399079,0.5632451524754024,0.581073489268003,0.4342811974944292,4409,236,873,482
Taiwan Credit Card Default,R4_F4,4,4,GroupAware_Chi2,0.75,23,18,24,21.739130434782606,0.13771590002579615,1.0132932999986224,0.8161801501251043,0.646978021978022,0.35790273556231,0.9450737337037829,0.4608610567514677,0.6514882346330464,0.3839423498974498,0.7720344441405724,0.5546774634634608,0.5815878906929459,0.4142245212554835,4422,257,845,471
Taiwan Credit Card Default,R4_F5,4,5,GroupAware_Chi2,0.75,23,18,24,21.739130434782606,0.13257810001960024,0.9600524000125006,0.82248126561199,0.6786666666666666,0.3815592203898051,0.9484050524512952,0.4884836852207294,0.6649821364205502,0.4148898166994562,0.7831484867713864,0.5554230967415364,0.6015585527835744,0.43370431033680334,4430,241,825,509
Taiwan Credit Card Default,R5_F1,5,1,GroupAware_Chi2,0.75,23,18,24,21.739130434782606,0.13939769996795803,0.9719494999735616,0.830305050841807,0.6901595744680851,0.39800613496932513,0.9503727369542067,0.504863813229572,0.674189435961766,0.4339542540920634,0.7914582475809666,0.5689250375391808,0.6150237229695802,0.45593161371253843,4462,233,785,519
Taiwan Credit Card Default,R5_F2,5,2,GroupAware_Chi2,0.75,23,18,24,21.739130434782606,0.13103460002457723,1.010250499995891,0.8186062020673558,0.6796116504854369,0.3637713437268003,0.9503332616641582,0.4738878143133462,0.6570523026954793,0.4030603634999834,0.7825483004748522,0.5688104189311831,0.5879659918599406,0.441119782176786,4420,231,857,490
Taiwan Credit Card Default,R5_F3,5,3,GroupAware_Chi2,0.75,23,18,24,21.739130434782606,0.1262968999799341,1.0054337999899872,0.8169389796598866,0.654320987654321,0.36054421768707484,0.9460962566844919,0.4649122807017544,0.6533202371857834,0.38910995715314095,0.7768035699128137,0.5510421728382442,0.5840458327246074,0.4261093528320419,4423,252,846,477
Taiwan Credit Card Default,R5_F4,5,4,GroupAware_Chi2,0.75,23,18,24,21.739130434782606,0.12974090001080185,0.979536900005769,0.8164862614487927,0.6747503566333809,0.35115070527097253,0.9510519536281666,0.4619140625,0.6511013294495696,0.392573567292723,0.7843826571969643,0.5595496991688078,0.5778949422393892,0.43843227145035174,4430,228,874,473
Taiwan Credit Card Default,R5_F5,5,5,GroupAware_Chi2,0.75,23,18,24,21.739130434782606,0.13122189999558032,0.989065199973993,0.8225,0.6765536723163842,0.36425855513307986,0.9511205976520811,0.4735541275333663,0.6576895763925805,0.4044120705799739,0.7820094874427326,0.5527041317062762,0.5886032744200956,0.43066984267401426,4456,229,836,479
