dataset,run_id,repeat,fold,selector,retained_fraction,total_source_features,selected_source_features,selected_transformed_features,feature_reduction_pct,selector_runtime_seconds,xgb_runtime_seconds,accuracy,precision_adverse,recall_adverse,specificity,f1_adverse,balanced_accuracy,mcc,roc_auc,pr_auc,gmean,ks_statistic,tn,fp,fn,tp,baseline_roc_auc,baseline_pr_auc,baseline_recall_adverse,baseline_precision_adverse,baseline_f1_adverse,baseline_balanced_accuracy,baseline_mcc,baseline_gmean,baseline_ks_statistic,delta_roc_auc,delta_pr_auc,delta_recall_adverse,delta_precision_adverse,delta_f1_adverse,delta_balanced_accuracy,delta_mcc,delta_gmean,delta_ks_statistic
Australian Credit Approval,R1_F1,1,1,GroupAware_Chi2,0.75,14,11,36,21.42857142857143,0.032326399988960475,0.30109490000177175,0.855072463768116,0.9178082191780822,0.8271604938271605,0.8947368421052632,0.8701298701298701,0.8609486679662118,0.7120939041127624,0.9189950184102231,0.9503117771225328,0.8602853992490769,0.7322936972059779,51,6,14,67,0.9287416071041802,0.9469172564880868,0.8148148148148148,0.9041095890410958,0.8571428571428571,0.8460038986354775,0.6826102681188947,0.8454287891696468,0.7322936972059779,-0.009746588693957059,0.0033945206344460077,0.012345679012345734,0.013698630136986356,0.012987012987012991,0.014944769330734298,0.02948363599386772,0.014856610079430066,0.0
Australian Credit Approval,R1_F2,1,2,GroupAware_Chi2,0.75,14,11,37,21.42857142857143,0.04539779998594895,0.2788265999988653,0.8478260869565217,0.8846153846153846,0.8518518518518519,0.8421052631578947,0.8679245283018868,0.8469785575048733,0.6892704238533526,0.9315572882824344,0.9451552333715687,0.8469645375546981,0.7621832358674463,48,9,12,69,0.9369720597790772,0.9471047518813246,0.8395061728395061,0.9066666666666666,0.8717948717948718,0.8583495776478232,0.7084609602852625,0.8581427174680365,0.7569850552306693,-0.005414771496642712,-0.0019495185097558876,0.012345679012345734,-0.02205128205128204,-0.0038703434929849845,-0.011371020142949884,-0.019190536431909933,-0.01117817991333836,0.005198180636777017
Australian Credit Approval,R1_F3,1,3,GroupAware_Chi2,0.75,14,11,37,21.42857142857143,0.045207299990579486,0.2818976999842562,0.8768115942028986,0.8888888888888888,0.9,0.8448275862068966,0.8944099378881988,0.8724137931034484,0.7466804942112601,0.9344827586206896,0.9487628443437309,0.8719775384642697,0.7793103448275862,49,9,8,72,0.934051724137931,0.9433906687929984,0.8625,0.9078947368421052,0.8846153846153846,0.8709051724137931,0.7361210464400549,0.8708646119884498,0.7698275862068966,0.0004310344827586077,0.00537217555073255,0.03749999999999998,-0.01900584795321636,0.0097945532728142,0.0015086206896552934,0.01055944777120521,0.001112926475819953,0.00948275862068959
Australian Credit Approval,R1_F4,1,4,GroupAware_Chi2,0.75,14,11,37,21.42857142857143,0.04449379997095093,0.28773600002750754,0.8478260869565217,0.8026315789473685,0.9104477611940298,0.7887323943661971,0.8531468531468531,0.8495900777801135,0.7025108373018846,0.911709060332142,0.8618599544264596,0.847407601235622,0.7298717679209585,56,15,6,61,0.9217994534370402,0.8816515481189896,0.9402985074626866,0.8076923076923077,0.8689655172413793,0.8645154509144419,0.7350038036331852,0.8611874901611184,0.7555181837292411,-0.010090393104898121,-0.01979159369253003,-0.029850746268656803,-0.005060728744939236,-0.015818664094526147,-0.014925373134328401,-0.03249296633130061,-0.01377988892549642,-0.02564641580828253
Australian Credit Approval,R1_F5,1,5,GroupAware_Chi2,0.75,14,11,37,21.42857142857143,0.04518580000149086,0.3456468000076711,0.8913043478260869,0.927536231884058,0.8648648648648649,0.921875,0.8951048951048951,0.8933699324324325,0.7846715615207802,0.9410895270270271,0.9551626817156764,0.8929150560368536,0.8023648648648649,59,5,10,64,0.9451013513513514,0.9548840161032204,0.8918918918918919,0.9565217391304348,0.9230769230769232,0.922508445945946,0.8427953808926898,0.9220002491645322,0.856418918918919,-0.004011824324324342,0.0002786656124560416,-0.027027027027026973,-0.02898550724637683,-0.027972027972028135,-0.029138513513513598,-0.05812381937190958,-0.029085193127678544,-0.05405405405405406
Australian Credit Approval,R2_F1,2,1,GroupAware_Chi2,0.75,14,11,37,21.42857142857143,0.04431599995587021,0.3098476000013761,0.8115942028985508,0.8051948051948052,0.8493150684931506,0.7692307692307693,0.8266666666666667,0.80927291886196,0.6216983533884065,0.9032665964172814,0.9029604216661754,0.8082816857112808,0.6680716543730242,50,15,11,62,0.8998946259220232,0.886221752477256,0.863013698630137,0.8513513513513513,0.8571428571428571,0.8468914646996839,0.694441827491691,0.8467379916799929,0.7262381454162276,0.0033719704952581697,0.01673866918891942,-0.013698630136986356,-0.046156546156546074,-0.030476190476190435,-0.03761854583772395,-0.07274347410328452,-0.03845630596871208,-0.05816649104320337
Australian Credit Approval,R2_F2,2,2,GroupAware_Chi2,0.75,14,11,37,21.42857142857143,0.04481260001193732,0.28431800001999363,0.8478260869565217,0.9230769230769231,0.8275862068965517,0.8823529411764706,0.8727272727272727,0.8549695740365111,0.6912623650661462,0.8988054992111787,0.9278412072608369,0.8545309378438276,0.7295469912102772,45,6,15,72,0.9168356997971604,0.9376983636499536,0.7931034482758621,0.9452054794520548,0.8625,0.8573360378634212,0.6910881071087144,0.8549264624833096,0.749154834347532,-0.018030200585981704,-0.009857156389116772,0.03448275862068961,-0.02212855637513167,0.01022727272727264,-0.0023664638269100813,0.000174257957431867,-0.00039552463948200334,-0.019607843137254832
Australian Credit Approval,R2_F3,2,3,GroupAware_Chi2,0.75,14,11,37,21.42857142857143,0.045583800005260855,0.3009396999841556,0.8913043478260869,0.9014084507042254,0.8888888888888888,0.8939393939393939,0.8951048951048951,0.8914141414141414,0.7824167660659824,0.9305555555555556,0.9197986421920159,0.8914105645620286,0.8156565656565657,59,7,8,64,0.9307659932659932,0.9242566475016016,0.9027777777777778,0.8783783783783784,0.8904109589041096,0.8832070707070707,0.7677076683116035,0.882990213519786,0.7840909090909091,-0.0002104377104376054,-0.004458005309585733,-0.01388888888888895,0.023030072325846973,0.004693936200785509,0.008207070707070718,0.014709097754378897,0.008420351042242591,0.031565656565656686
Australian Credit Approval,R2_F4,2,4,GroupAware_Chi2,0.75,14,11,37,21.42857142857143,0.04675310000311583,0.27977279998594895,0.8405797101449275,0.8533333333333334,0.8533333333333334,0.8253968253968254,0.8533333333333334,0.8393650793650793,0.6787301587301587,0.9161904761904762,0.9081723529122141,0.8392488453007394,0.7320634920634921,52,11,11,64,0.926137566137566,0.9208141138139276,0.88,0.868421052631579,0.8741721854304636,0.8606349206349206,0.7222641164819655,0.8604170269802083,0.7447619047619047,-0.009947089947089816,-0.012641760901713539,-0.026666666666666616,-0.015087719298245594,-0.02083885209713021,-0.021269841269841328,-0.043533957751806795,-0.021168181679468878,-0.012698412698412653
Australian Credit Approval,R2_F5,2,5,GroupAware_Chi2,0.75,14,11,35,21.42857142857143,0.04351170000154525,0.29619799996726215,0.9057971014492754,0.8987341772151899,0.9342105263157895,0.8709677419354839,0.9161290322580645,0.9025891341256367,0.8095713569330298,0.9800509337860781,0.9834648294010678,0.9020350506480461,0.8887945670628183,54,8,5,71,0.9785653650254668,0.9824965916378956,0.9342105263157896,0.8987341772151899,0.9161290322580644,0.9025891341256368,0.8095713569330298,0.902035050648046,0.8565365025466893,0.0014855687606113444,0.0009682377631722305,-1.1102230246251565e-16,0.0,1.1102230246251565e-16,-1.1102230246251565e-16,0.0,1.1102230246251565e-16,0.032258064516129004
Australian Credit Approval,R3_F1,3,1,GroupAware_Chi2,0.75,14,11,37,21.42857142857143,0.044415000011213124,0.28127480001421645,0.8115942028985508,0.8026315789473685,0.8472222222222222,0.7727272727272727,0.8243243243243243,0.8099747474747474,0.6225752987168809,0.9143518518518519,0.934252866616817,0.809117863584606,0.6994949494949495,51,15,11,61,0.9105639730639732,0.9167151334441678,0.8472222222222222,0.8026315789473685,0.8243243243243243,0.8099747474747474,0.6225752987168809,0.809117863584606,0.7007575757575757,0.0037878787878786735,0.017537733172649173,0.0,0.0,0.0,0.0,0.0,0.0,-0.0012626262626261875
Australian Credit Approval,R3_F2,3,2,GroupAware_Chi2,0.75,14,11,37,21.42857142857143,0.04450850002467632,0.2862662000115961,0.8768115942028986,0.9041095890410958,0.868421052631579,0.8870967741935484,0.8859060402684564,0.8777589134125636,0.7528860472241714,0.9168081494057725,0.913704725513597,0.8777092425349293,0.7584889643463497,55,7,10,66,0.9293293718166384,0.9355792333170568,0.881578947368421,0.8933333333333333,0.8874172185430463,0.8762733446519524,0.7515107268324677,0.8762572824960341,0.765704584040747,-0.012521222410865951,-0.021874507803459786,-0.013157894736842035,0.010776255707762528,-0.0015111782745899083,0.0014855687606112333,0.0013753203917037382,0.0014519600388952503,-0.007215619694397324
Australian Credit Approval,R3_F3,3,3,GroupAware_Chi2,0.75,14,11,37,21.42857142857143,0.04400669998722151,0.2838712999946438,0.8478260869565217,0.8571428571428571,0.868421052631579,0.8225806451612904,0.8627450980392157,0.8455008488964346,0.6921041848489684,0.9410016977928692,0.9567910137246585,0.8451901263889274,0.7775891341256367,51,11,10,66,0.961799660441426,0.9740906255348892,0.9078947368421052,0.8961038961038961,0.9019607843137256,0.8894312393887946,0.7801051469274306,0.8892395790013391,0.8111205432937182,-0.02079796264855671,-0.017299611810230764,-0.039473684210526216,-0.038961038961038974,-0.03921568627450989,-0.04393039049236003,-0.0880009620784622,-0.044049452612411666,-0.033531409168081505
Australian Credit Approval,R3_F4,3,4,GroupAware_Chi2,0.75,14,11,37,21.42857142857143,0.045263700012583286,0.28775339998537675,0.9057971014492754,0.9066666666666666,0.918918918918919,0.890625,0.912751677852349,0.9047719594594594,0.8104856973673661,0.9343327702702703,0.9357990946574605,0.9046613521988005,0.809543918918919,57,7,6,68,0.928420608108108,0.9092611680835676,0.9054054054054054,0.8933333333333333,0.8993288590604027,0.8902027027027026,0.7813132857250352,0.8900728788867402,0.8074324324324325,0.005912162162162282,0.026537926573892867,0.013513513513513598,0.013333333333333308,0.01342281879194629,0.014569256756756799,0.029172411642330864,0.014588473312060257,0.0021114864864865135
Australian Credit Approval,R3_F5,3,5,GroupAware_Chi2,0.75,14,11,37,21.42857142857143,0.04452769999625161,0.2877256000065245,0.855072463768116,0.8823529411764706,0.8823529411764706,0.8113207547169812,0.8823529411764706,0.8468368479467259,0.6936736958934517,0.9223085460599334,0.911521061525927,0.8460917528034665,0.7480577136514983,43,10,10,75,0.925860155382908,0.9278972082706792,0.9058823529411764,0.9166666666666666,0.9112426035502958,0.8869034406215317,0.7711581666508851,0.8867003517950548,0.7784683684794673,-0.0035516093229746026,-0.016376146744752185,-0.0235294117647058,-0.03431372549019607,-0.028889662373825287,-0.040066592674805834,-0.07748447075743337,-0.04060859899158831,-0.030410654827969008
Australian Credit Approval,R4_F1,4,1,GroupAware_Chi2,0.75,14,11,36,21.42857142857143,0.043647500046063215,0.2965119000291452,0.8478260869565217,0.8441558441558441,0.8783783783783784,0.8125,0.8609271523178808,0.8454391891891893,0.6937406901793864,0.9330658783783784,0.9432364545740992,0.844797272978809,0.7440878378378378,52,12,9,65,0.9275760135135136,0.9310625099846452,0.8783783783783784,0.8666666666666667,0.87248322147651,0.8610641891891893,0.7229684624403735,0.8608900956316996,0.7356418918918919,0.005489864864864802,0.012173944589453978,0.0,-0.022510822510822592,-0.011556069158629279,-0.015625,-0.02922777226098705,-0.01609282265289058,0.008445945945945943
Australian Credit Approval,R4_F2,4,2,GroupAware_Chi2,0.75,14,11,37,21.42857142857143,0.04600400000344962,0.29111200000625104,0.8188405797101449,0.8428571428571429,0.8082191780821918,0.8307692307692308,0.8251748251748252,0.8194942044257113,0.6379808049517419,0.916754478398314,0.9345259148711199,0.8194166369242709,0.6935721812434141,54,11,14,59,0.9209694415173868,0.9316777725536864,0.8082191780821918,0.8428571428571429,0.8251748251748252,0.8194942044257113,0.6379808049517419,0.8194166369242709,0.6870389884088515,-0.004214963119072768,0.0028481423174334664,0.0,0.0,0.0,0.0,0.0,0.0,0.006533192834562662
Australian Credit Approval,R4_F3,4,3,GroupAware_Chi2,0.75,14,11,37,21.42857142857143,0.04385069996351376,0.2869768000091426,0.8623188405797102,0.8714285714285714,0.8591549295774648,0.8656716417910447,0.8652482269503546,0.8624132856842548,0.7245981236332452,0.9209585873449654,0.8969670805702847,0.8624071303277782,0.7397519445028379,58,9,10,61,0.9373554761404248,0.9140967947129034,0.8732394366197183,0.8985507246376812,0.8857142857142857,0.88438091233971,0.7684388154951274,0.8843107291159588,0.8391843598906874,-0.01639688879545942,-0.017129714142618657,-0.014084507042253502,-0.02712215320910971,-0.02046605876393104,-0.021967626655455152,-0.04384069186188222,-0.0219035987881806,-0.09943241538784953
Australian Credit Approval,R4_F4,4,4,GroupAware_Chi2,0.75,14,11,37,21.42857142857143,0.043970200000330806,0.2904971000389196,0.8405797101449275,0.9047619047619048,0.8444444444444444,0.8333333333333334,0.8735632183908046,0.8388888888888889,0.661443382776228,0.9148148148148147,0.9510771158752658,0.8388704928078611,0.7236111111111111,40,8,14,76,0.929398148148148,0.9537115532534974,0.9,0.9418604651162792,0.9204545454545454,0.8979166666666667,0.7821915167482881,0.8979142498033985,0.8055555555555555,-0.014583333333333282,-0.0026344373782316577,-0.05555555555555558,-0.03709856035437442,-0.04689132706374077,-0.05902777777777779,-0.12074813397206008,-0.05904375699553743,-0.08194444444444438
Australian Credit Approval,R4_F5,4,5,GroupAware_Chi2,0.75,14,11,37,21.42857142857143,0.05001269996864721,0.3096408999990672,0.9202898550724637,0.9102564102564102,0.9466666666666667,0.8888888888888888,0.9281045751633987,0.9177777777777778,0.8395630392448782,0.9377777777777778,0.9251308342477232,0.9173229973577908,0.8463492063492064,56,7,4,71,0.9396825396825398,0.9321453060556004,0.96,0.9230769230769232,0.9411764705882352,0.9323809523809524,0.8689094676683313,0.931971796017148,0.8647619047619047,-0.0019047619047619646,-0.007014471807877176,-0.013333333333333308,-0.012820512820512997,-0.013071895424836444,-0.014603174603174618,-0.02934642842345314,-0.014648798659357198,-0.018412698412698325
Australian Credit Approval,R5_F1,5,1,GroupAware_Chi2,0.75,14,11,37,21.42857142857143,0.04770880000432953,0.3002932999515906,0.8478260869565217,0.8552631578947368,0.8666666666666667,0.8253968253968254,0.8609271523178808,0.846031746031746,0.6930175061314634,0.9358730158730159,0.9523909271792562,0.845780063222062,0.7473015873015874,52,11,10,65,0.9373544973544972,0.9545037603642232,0.8533333333333334,0.8311688311688312,0.8421052631578947,0.8234920634920635,0.6489096792387729,0.8229511997978235,0.7549206349206349,-0.001481481481481306,-0.0021128331849670223,0.013333333333333308,0.024094326725905613,0.01882188915998606,0.022539682539682526,0.04410782689269055,0.02282886342423851,-0.007619047619047525
Australian Credit Approval,R5_F2,5,2,GroupAware_Chi2,0.75,14,11,37,21.42857142857143,0.0444924000184983,0.28953179996460676,0.8478260869565217,0.8625,0.8734177215189873,0.8135593220338984,0.8679245283018868,0.8434885217764428,0.6885298702383348,0.920188800686548,0.9362548292274124,0.8429573710285589,0.7337481227204463,48,11,10,69,0.9341343059429308,0.9431835506223878,0.8860759493670886,0.8860759493670886,0.8860759493670886,0.8667667882428662,0.7335335764857327,0.8665516842621291,0.7461918043338339,-0.013945505256382829,-0.006928721394975357,-0.012658227848101222,-0.02357594936708851,-0.018151421065201734,-0.023278266466423392,-0.04500370624739791,-0.023594313233570197,-0.012443681613387603
Australian Credit Approval,R5_F3,5,3,GroupAware_Chi2,0.75,14,11,37,21.42857142857143,0.04490749997785315,0.30030949995853007,0.8768115942028986,0.8783783783783784,0.8904109589041096,0.8615384615384616,0.8843537414965986,0.8759747102212856,0.7526635602947612,0.9264488935721812,0.9128673031724052,0.8758557459257963,0.7740779768177029,56,9,8,65,0.9382507903055848,0.927839598869692,0.863013698630137,0.8873239436619719,0.875,0.8699683877766069,0.7390029046187614,0.8699405887929961,0.7673340358271865,-0.011801896733403594,-0.014972295697286864,0.0273972602739726,-0.00894556528359347,0.009353741496598622,0.006006322444678691,0.013660655675999833,0.0059151571328002195,0.0067439409905163394
Australian Credit Approval,R5_F4,5,4,GroupAware_Chi2,0.75,14,11,37,21.42857142857143,0.044238500006031245,0.29921520000789315,0.8840579710144928,0.9,0.9,0.8620689655172413,0.9,0.8810344827586207,0.7620689655172413,0.9247844827586207,0.9429989917486925,0.8808303292720552,0.7870689655172414,50,8,8,72,0.923060344827586,0.9385635397495186,0.9,0.9113924050632912,0.9056603773584906,0.8896551724137931,0.7775527828800183,0.8895950260342217,0.7965517241379311,0.0017241379310346527,0.004435451999173945,0.0,-0.0113924050632912,-0.005660377358490565,-0.008620689655172376,-0.01548381736277693,-0.008764696762166513,-0.009482758620689702
Australian Credit Approval,R5_F5,5,5,GroupAware_Chi2,0.75,14,11,37,21.42857142857143,0.05076689994893968,0.34577919996809214,0.8478260869565217,0.8985507246376812,0.8157894736842105,0.8870967741935484,0.8551724137931035,0.8514431239388794,0.699259856097678,0.9223259762308997,0.911465761401939,0.8506963092234007,0.7920203735144312,55,7,14,62,0.9265704584040748,0.9051533102051724,0.881578947368421,0.9178082191780822,0.8993288590604027,0.8924023769100169,0.7820709557963443,0.8923367389543064,0.8374363327674024,-0.004244482173175079,0.0063124511967666,-0.06578947368421051,-0.019257494540401043,-0.04415644526729923,-0.04095925297113745,-0.08281109969866629,-0.04164042973090576,-0.04541595925297115
Taiwan Credit Card Default,R1_F1,1,1,GroupAware_Chi2,0.75,23,18,24,21.739130434782606,0.13463210000190884,0.8600386999896728,0.8244707451241874,0.6771428571428572,0.36433512682551883,0.951894423158791,0.4737631184407796,0.658114774992155,0.40593044490911195,0.7897674415560745,0.5580176741346131,0.5889045554128973,0.43288294788467074,4472,226,827,474,0.7918201736948589,0.5631620173631597,0.372021521906226,0.6865248226950355,0.4825523429710867,0.6624901138692475,0.4158776356073156,0.5954167851660787,0.4403096939872364,-0.00205273213878443,-0.005144343228546622,-0.007686395080707176,-0.009381965552178295,-0.00878922453030706,-0.004375338877092516,-0.009947190698203656,-0.006512229753181331,-0.007426746102565662
Taiwan Credit Card Default,R1_F2,1,2,GroupAware_Chi2,0.75,23,18,24,21.739130434782606,0.12146689998917282,0.8976920999702998,0.8187427046856762,0.6721536351165981,0.3662182361733931,0.9487014380768405,0.4741170778906628,0.6574598371251168,0.40122460500868123,0.7784457553745406,0.554330335823251,0.5894334290720726,0.4286977228123974,4420,239,848,490,0.7795171824563801,0.5529774668776057,0.3639760837070254,0.6625850340136055,0.4698504582730342,0.6553728883871036,0.3945123067889141,0.5870277038224817,0.4188484220232406,-0.0010714270818394933,0.0013528689456452359,0.0022421524663677195,0.009568601102992624,0.004266619617628642,0.0020869487380131835,0.006712298219767154,0.0024057252495909287,0.0098493007891568
Taiwan Credit Card Default,R1_F3,1,3,GroupAware_Chi2,0.75,23,18,24,21.739130434782606,0.11247669998556376,0.9220769999665208,0.8195601466177941,0.6508795669824087,0.3683001531393568,0.9450596252129472,0.4704156479217604,0.656679889176152,0.3934956898980741,0.7840129327099927,0.5458656355402961,0.5899708507136192,0.4433094145484998,4438,258,825,481,0.7812585602813382,0.5439963994996716,0.3675344563552833,0.6382978723404256,0.466472303206997,0.6548064104604355,0.3858921969733155,0.5884269364710352,0.4342570393231605,0.0027543724286545057,0.0018692360406245,0.0007656967840735107,0.01258169464198311,0.003943344714763375,0.0018734787157165256,0.0076034929247585925,0.0015439142425840435,0.009052375225339304
Taiwan Credit Card Default,R1_F4,1,4,GroupAware_Chi2,0.75,23,18,24,21.739130434782606,0.11846039997180924,0.8871888000285253,0.8271666666666667,0.6989100817438693,0.3860045146726862,0.9526867908370799,0.4973339796412991,0.669345652754883,0.4292230288412792,0.7780558169220165,0.5715914533686397,0.6064168552506979,0.42658099323765625,4450,221,816,513,0.7802620881384087,0.5704539588907159,0.3867569601203913,0.6871657754010695,0.4949446316803081,0.6683303105033556,0.4232009039414193,0.6061203282283346,0.4335738549128599,-0.002206271216392164,0.0011374944779237728,-0.0007524454477050857,0.01174430634279977,0.002389347960990995,0.0010153422515274402,0.006022124899859926,0.0002965270223632688,-0.006992861675203632
Taiwan Credit Card Default,R1_F5,1,5,GroupAware_Chi2,0.75,23,18,24,21.739130434782606,0.1356493000057526,0.86363330000313,0.8150616461179607,0.6784702549575071,0.35168869309838474,0.9510775862068965,0.4632495164410058,0.6513831396526406,0.39362140677997676,0.7859200940553951,0.5711377669776189,0.5783452544356785,0.4528222947997367,4413,227,883,479,0.785511924654413,0.5724658794380455,0.3502202643171806,0.6708860759493671,0.4602026049204052,0.649894614917211,0.3885616094558854,0.5766786749055665,0.4526362094283255,0.00040816940098209464,-0.0013281124604266337,0.001468428781204123,0.007584179008140013,0.0030469115206006037,0.0014885247354295972,0.005059797324091342,0.0016665795301120667,0.0001860853714111821
Taiwan Credit Card Default,R2_F1,2,1,GroupAware_Chi2,0.75,23,18,24,21.739130434782606,0.11270870000589639,0.8187025999650359,0.8206839032527106,0.6680613668061367,0.3639817629179331,0.9491344304338534,0.47122479094933595,0.6565580966758933,0.39940704866619137,0.7871039586433857,0.5533846319731436,0.5877649387598943,0.4476341618211358,4441,238,837,479,0.7882423146556009,0.555910351450321,0.3624620060790273,0.6615811373092927,0.4683357879234168,0.6551570556148503,0.3948828725676545,0.5861402353525496,0.4498665381309882,-0.0011383560122152359,-0.0025257194771773905,0.001519756838905817,0.006480229496844014,0.002889003025919157,0.0014010410610429958,0.004524176098536892,0.0016247034073447741,-0.002232376309852402
Taiwan Credit Card Default,R2_F2,2,2,GroupAware_Chi2,0.75,23,18,24,21.739130434782606,0.1105093999649398,0.8306905999779701,0.8330278286952174,0.7171145685997171,0.387318563789152,0.9573742540494459,0.5029761904761905,0.672346408919299,0.4415494864394025,0.7952659208300852,0.5889442842291936,0.608940736925312,0.4495189380099866,4492,200,802,507,0.7949299459379195,0.5931033954253029,0.3919022154316272,0.7075862068965517,0.504424778761062,0.6733594623620198,0.4393442788464278,0.6117146260331139,0.445159486719589,0.0003359748921656358,-0.004159111196109233,-0.0045836516424751506,0.0095283617031654,-0.0014485882848714882,-0.001013053442720846,0.0022052075929747117,-0.0027738891078018524,0.004359451290397609
Taiwan Credit Card Default,R2_F3,2,3,GroupAware_Chi2,0.75,23,18,24,21.739130434782606,0.11022779997438192,0.8314943999866955,0.8162279240253248,0.649932157394844,0.36178247734138974,0.9448482257374946,0.4648229015041242,0.6533153515394422,0.3873974952339186,0.7786334988355857,0.5414555273334714,0.5846618953026848,0.4227275838953048,4420,258,845,479,0.7796517962204004,0.5434480969808699,0.3564954682779456,0.6492434662998624,0.4602632862018527,0.6509924968580836,0.3837788404483914,0.5805710388255613,0.4276865161732814,-0.001018297384814626,-0.0019925696473985788,0.005287009063444148,0.0006886910949815972,0.0045596153022715025,0.0023228546813586215,0.0036186547855271978,0.0040908564771234834,-0.004958932277976613
Taiwan Credit Card Default,R2_F4,2,4,GroupAware_Chi2,0.75,23,18,24,21.739130434782606,0.11718800000380725,0.8673853000509553,0.8192570381475929,0.6822558459422283,0.3674074074074074,0.950354609929078,0.47761194029850745,0.6588810086682427,0.4066453360740874,0.7773479475607136,0.5642457037021138,0.5909038190363306,0.43217995558421096,4422,231,854,496,0.7788249715436476,0.5694337392417754,0.3703703703703703,0.6858710562414266,0.481000481000481,0.6605774052582563,0.4105008070068286,0.593415861971444,0.4278859517157389,-0.0014770239829340337,-0.0051880355396616284,-0.0029629629629628895,-0.0036152102991983126,-0.0033885407019735303,-0.001696396590013527,-0.0038554709327411896,-0.0025120429351134232,0.004294003868472063
Taiwan Credit Card Default,R2_F5,2,5,GroupAware_Chi2,0.75,23,18,24,21.739130434782606,0.13035709998803213,0.8908947999589145,0.8171361893648942,0.6648351648351648,0.36200448765893795,0.9476619476619477,0.4687651331719128,0.6548332176604428,0.3946696906586359,0.7753263467549182,0.5491082110406116,0.5857114288087903,0.42920257579943444,4418,244,853,484,0.7743983966871026,0.5452465183012184,0.3664921465968586,0.6666666666666666,0.4729729729729729,0.6569697970221531,0.3984706339259005,0.5892639890598521,0.4255021663398627,0.0009279500678155417,0.0038616927393931855,-0.0044876589379206355,-0.001831501831501825,-0.004207839801060098,-0.0021365793617103,-0.0038009432672646004,-0.003552560251061765,0.0037004094595717296
Taiwan Credit Card Default,R3_F1,3,1,GroupAware_Chi2,0.75,23,18,24,21.739130434782606,0.1143273999914527,0.8460592000046745,0.8139689948324721,0.662873399715505,0.3464684014869889,0.9490760636012032,0.455078125,0.647772232544096,0.38321765701217786,0.7680195155304708,0.5443174206871528,0.5734325301598023,0.4140297429720287,4417,237,879,466,0.7667620130902305,0.5441553358452116,0.3479553903345725,0.6545454545454545,0.4543689320388349,0.6474413823181242,0.3795677415904132,0.5740108745865635,0.4129724919843505,0.0012575024402402546,0.00016208484194124573,-0.0014869888475836368,0.008327945170050421,0.0007091929611651171,0.0003308502259717905,0.0036499154217646823,-0.0005783444267611904,0.0010572509876782266
Taiwan Credit Card Default,R3_F2,3,2,GroupAware_Chi2,0.75,23,18,24,21.739130434782606,0.1183407999924384,0.8175842000055127,0.8217260913028991,0.6680790960451978,0.36162079510703365,0.949936088623775,0.46924603174603174,0.6557784418654043,0.39875318830947454,0.7852589159953041,0.5607404640416115,0.58610292924451,0.43614921254148376,4459,235,835,473,0.7875711429386725,0.5602870955173527,0.360091743119266,0.6578212290502793,0.4654150197628458,0.653948726267771,0.3921583076737538,0.5842063077732894,0.4355960957380689,-0.0023122269433684117,0.0004533685242588126,0.001529051987767649,0.010257866994918485,0.003831011983185917,0.0018297155976333412,0.0065948806357207235,0.0018966214712206053,0.0005531168034148548
Taiwan Credit Card Default,R3_F3,3,3,GroupAware_Chi2,0.75,23,18,24,21.739130434782606,0.11895000003278255,0.823731400014367,0.8258043007167861,0.6918844566712518,0.37990936555891236,0.9520855614973261,0.4904924427108727,0.6659974635281193,0.4219017643769616,0.7800051698789926,0.5708688493041485,0.6014201706180546,0.4392700777097436,4451,224,821,503,0.7822669111588607,0.5724381324211698,0.3768882175226586,0.6892265193370166,0.4873046875,0.6643799376383347,0.4185362628050394,0.5989567700604503,0.4401634974231384,-0.0022617412798681125,-0.001569283117021314,0.0030211480362537513,0.0026579373342351387,0.0031877552108727225,0.0016175258897845879,0.0033655015719221693,0.0024634005576043005,-0.0008934197133947941
Taiwan Credit Card Default,R3_F4,3,4,GroupAware_Chi2,0.75,23,18,24,21.739130434782606,0.11149949999526143,0.9034862000262365,0.8211666666666667,0.6828609986504723,0.37648809523809523,0.9495274914089347,0.4853717026378897,0.663007793323515,0.4131272049461291,0.7878053216024382,0.5708024156580799,0.597901159571343,0.45501196612665684,4421,235,838,506,0.7884808132875143,0.5671252125930782,0.3742559523809524,0.6815718157181572,0.4831892411143131,0.6618917218949435,0.411014511273142,0.5961260903610472,0.4532707412862052,-0.0006754916850760795,0.003677203065001633,0.002232142857142849,0.0012891829323151693,0.0021824615235765954,0.0011160714285715079,0.0021126936729871093,0.0017750692102957988,0.0017412248404516384
Taiwan Credit Card Default,R3_F5,3,5,GroupAware_Chi2,0.75,23,18,24,21.739130434782606,0.120023499999661,0.9240977999870665,0.8198333333333333,0.6576819407008087,0.37110266159695815,0.9457844183564568,0.4744773942634905,0.6584435399767075,0.3982079838081642,0.7880123848054832,0.5513568358087383,0.5924382794426877,0.4394236114774521,4431,254,827,488,0.7875936063238796,0.552056450813601,0.3749049429657795,0.6547144754316069,0.4767891682785299,0.6597043391456432,0.3988516247421987,0.5950622816337588,0.4421310630561902,0.00041877848160354336,-0.0006996150048627081,-0.0038022813688213253,0.0029674652692017744,-0.002311774015039403,-0.0012607991689357334,-0.0006436409340345173,-0.002624002191071173,-0.002707451578738085
Taiwan Credit Card Default,R4_F1,4,1,GroupAware_Chi2,0.75,23,18,24,21.739130434782606,0.11053959996206686,0.8854276000056416,0.8244414804934979,0.7007194244604317,0.3656156156156156,0.9554222031718816,0.48051307350764677,0.6605189093937487,0.41689574235996313,0.7832739780071543,0.5707120517435131,0.5910306903922293,0.4339883175073917,4458,208,845,487,0.7872589423971763,0.5718378725666694,0.3663663663663664,0.7011494252873564,0.4812623274161736,0.660894284769124,0.4176097323721819,0.5916371868990578,0.4437403541561278,-0.00398496439002205,-0.001125820823156265,-0.0007507507507507616,-0.00043000082692468133,-0.0007492539085268146,-0.00037537537537535304,-0.0007139900122187792,-0.0006064965068284245,-0.009752036648736084
Taiwan Credit Card Default,R4_F2,4,2,GroupAware_Chi2,0.75,23,18,24,21.739130434782606,0.1296977000311017,1.0281543000019155,0.8245584805064978,0.6772334293948127,0.36181678214010776,0.9523708271316181,0.47165077772202707,0.657093804635863,0.4046093608687083,0.7894759327617034,0.5613662395383098,0.5870125621116424,0.4462447356010945,4479,224,829,470,0.789230155779884,0.5612352321858743,0.3610469591993841,0.672883787661406,0.469939879759519,0.656283632693462,0.4017690470324003,0.5861258509616157,0.4458412455843215,0.0002457769818193789,0.0001310073524354305,0.0007698229407236412,0.004349641733406684,0.0017108979625080623,0.0008101719424009612,0.002840313836308006,0.0008867111500266978,0.00040349001677303376
Taiwan Credit Card Default,R4_F3,4,3,GroupAware_Chi2,0.75,23,18,24,21.739130434782606,0.18496440001763403,1.1162586000282317,0.8151666666666667,0.6713091922005571,0.35571955719557197,0.9491926803013994,0.46502653159671975,0.6524561187484856,0.39280403570172656,0.7813190392399079,0.5632451524754024,0.581073489268003,0.4342811974944292,4409,236,873,482,0.7791599903081915,0.5620309588159844,0.3601476014760147,0.667578659370725,0.4678811121764142,0.6539166425033465,0.3935095674492129,0.58421462312812,0.4320401653962717,0.0021590489317163675,0.0012141936594179947,-0.0044280442804427445,0.003730532829832045,-0.0028545805796944546,-0.0014605237548608319,-0.0007055317474863321,-0.0031411338601170513,0.002241032098157514
Taiwan Credit Card Default,R4_F4,4,4,GroupAware_Chi2,0.75,23,18,24,21.739130434782606,0.13771590002579615,1.0132932999986224,0.8161801501251043,0.646978021978022,0.35790273556231,0.9450737337037829,0.4608610567514677,0.6514882346330464,0.3839423498974498,0.7720344441405724,0.5546774634634608,0.5815878906929459,0.4142245212554835,4422,257,845,471,0.7714208898194156,0.5520287810958993,0.3525835866261398,0.6507713884992987,0.4573681616559881,0.6496835436870815,0.3827935010659395,0.5777718602114423,0.4193776954652847,0.0006135543211568395,0.00264868236756155,0.005319148936170193,-0.0037933665212767087,0.00349289509547962,0.0018046909459649152,0.0011488488315102852,0.003816030481503585,-0.0051531742098012145
Taiwan Credit Card Default,R4_F5,4,5,GroupAware_Chi2,0.75,23,18,24,21.739130434782606,0.13257810001960024,0.9600524000125006,0.82248126561199,0.6786666666666666,0.3815592203898051,0.9484050524512952,0.4884836852207294,0.6649821364205502,0.4148898166994562,0.7831484867713864,0.5554230967415364,0.6015585527835744,0.43370431033680334,4430,241,825,509,0.7862809122092776,0.55905982232178,0.389055472263868,0.6722797927461139,0.4928774928774929,0.6674457408418463,0.4159134182382904,0.6066157559188535,0.4364752434315919,-0.003132425437891273,-0.003636725580243527,-0.007496251874062887,0.006386873920552705,-0.004393807656763504,-0.0024636044212961172,-0.00102360153883424,-0.005057203135279131,-0.0027709330947885413
Taiwan Credit Card Default,R5_F1,5,1,GroupAware_Chi2,0.75,23,18,24,21.739130434782606,0.13939769996795803,0.9719494999735616,0.830305050841807,0.6901595744680851,0.39800613496932513,0.9503727369542067,0.504863813229572,0.674189435961766,0.4339542540920634,0.7914582475809666,0.5689250375391808,0.6150237229695802,0.45593161371253843,4462,233,785,519,0.7947165925112867,0.5687410695172419,0.3957055214723926,0.6907630522088354,0.5031691857630424,0.6732521217585605,0.4328550533292781,0.6133810431713665,0.4541809587277942,-0.0032583449303200673,0.00018396802193887396,0.0023006134969325576,-0.0006034777407503134,0.0016946274665295968,0.0009373142032054194,0.0010992007627853018,0.001642679798213642,0.0017506549847442487
Taiwan Credit Card Default,R5_F2,5,2,GroupAware_Chi2,0.75,23,18,24,21.739130434782606,0.13103460002457723,1.010250499995891,0.8186062020673558,0.6796116504854369,0.3637713437268003,0.9503332616641582,0.4738878143133462,0.6570523026954793,0.4030603634999834,0.7825483004748522,0.5688104189311831,0.5879659918599406,0.441119782176786,4420,231,857,490,0.7819386336279751,0.568579585984189,0.3659985152190051,0.6781292984869326,0.4754098360655737,0.6578433771536867,0.4036450342816515,0.5895629613767255,0.4384865385655981,0.0006096668468771327,0.0002308329469941084,-0.0022271714922048047,0.0014823519985043276,-0.001522021752227487,-0.0007910744582073637,-0.000584670781668073,-0.0015969695167848963,0.0026332436111878854
Taiwan Credit Card Default,R5_F3,5,3,GroupAware_Chi2,0.75,23,18,24,21.739130434782606,0.1262968999799341,1.0054337999899872,0.8169389796598866,0.654320987654321,0.36054421768707484,0.9460962566844919,0.4649122807017544,0.6533202371857834,0.38910995715314095,0.7768035699128137,0.5510421728382442,0.5840458327246074,0.4261093528320419,4423,252,846,477,0.7752042231033828,0.5492351697681787,0.365079365079365,0.6491935483870968,0.467343976777939,0.6546252440370087,0.3890000180041463,0.5871093544725368,0.4258925388337153,0.0015993468094309682,0.0018070030700655382,-0.004535147392290162,0.005127439267224254,-0.0024316960761845974,-0.0013050068512253654,0.00010993914899465329,-0.003063521747929343,0.00021681399832657045
Taiwan Credit Card Default,R5_F4,5,4,GroupAware_Chi2,0.75,23,18,24,21.739130434782606,0.12974090001080185,0.979536900005769,0.8164862614487927,0.6747503566333809,0.35115070527097253,0.9510519536281666,0.4619140625,0.6511013294495696,0.392573567292723,0.7843826571969643,0.5595496991688078,0.5778949422393892,0.43843227145035174,4430,228,874,473,0.7856721184076186,0.5625099252494936,0.3489235337787676,0.6752873563218391,0.4601076847772883,0.6502024281173786,0.3914528925397763,0.5761894005931028,0.4389502553740433,-0.001289461210654319,-0.0029602260806858016,0.0022271714922049157,-0.0005369996884582173,0.001806377722711694,0.0008989013321909489,0.0011206747529467487,0.0017055416462864459,-0.0005179839236915673
Taiwan Credit Card Default,R5_F5,5,5,GroupAware_Chi2,0.75,23,18,24,21.739130434782606,0.13122189999558032,0.989065199973993,0.8225,0.6765536723163842,0.36425855513307986,0.9511205976520811,0.4735541275333663,0.6576895763925805,0.4044120705799739,0.7820094874427326,0.5527041317062762,0.5886032744200956,0.43066984267401426,4456,229,836,479,0.7828737455920725,0.5516035902824951,0.3718631178707224,0.6763485477178424,0.479882237487733,0.6609582398318394,0.4090705249559485,0.5943818682125913,0.4391135855472728,-0.0008642581493398804,0.0011005414237811317,-0.0076045627376425395,0.00020512459854182818,-0.006328109954366723,-0.003268663439258912,-0.004658454375974563,-0.005778593792495679,-0.008443742873258553
