dataset,run_id,repeat,fold,calibration_method,selected_source_features,brier_score,log_loss,ece_10bin,calibration_intercept,calibration_slope,mean_predicted_probability,observed_adverse_rate,roc_auc,pr_auc,accuracy,precision_adverse,recall_adverse,specificity,f1_adverse,balanced_accuracy,mcc,gmean,ks_statistic,tn,fp,fn,tp
Australian Credit Approval,R1_F1,1,1,Uncalibrated,11,0.11418126557069533,0.3674215820929444,0.08032797323942424,0.5754398410362499,0.9132348330587043,0.5258295168511105,0.5869565217391305,0.9194282001299545,0.9491854996059536,0.8333333333333334,0.9142857142857143,0.7901234567901234,0.8947368421052632,0.847682119205298,0.8424301494476933,0.6744945610141342,0.8408047137128153,0.7303443794671864,51,6,17,64
Australian Credit Approval,R1_F1,1,1,Sigmoid,11,0.1131266203696756,0.3621030038638618,0.0708975925382124,0.5019186275748361,0.9289633009611384,0.5335603006852049,0.5869565217391305,0.9194282001299545,0.9491854996059536,0.8478260869565217,0.9166666666666666,0.8148148148148148,0.8947368421052632,0.8627450980392157,0.854775828460039,0.6994001801312533,0.8538412231252319,0.7303443794671864,51,6,15,66
Australian Credit Approval,R1_F2,1,2,Uncalibrated,11,0.089569795332581,0.30940094414096375,0.04752229480235249,0.15484961800343494,0.9919060219389638,0.572623816701317,0.5869565217391305,0.9361056963396145,0.9477765973802801,0.8840579710144928,0.922077922077922,0.8765432098765432,0.8947368421052632,0.8987341772151899,0.8856400259909032,0.7646835652004254,0.8855933059671065,0.806367771280052,51,6,10,71
Australian Credit Approval,R1_F2,1,2,Sigmoid,11,0.08891052437512646,0.30849413052561825,0.0526418950232204,0.06324230925421902,0.9849957132073712,0.5811072588538663,0.5869565217391305,0.9361056963396145,0.9477765973802801,0.8768115942028986,0.9102564102564102,0.8765432098765432,0.8771929824561403,0.8930817610062893,0.8768680961663418,0.7486457787171245,0.8768680359799207,0.806367771280052,50,7,10,71
Australian Credit Approval,R1_F3,1,3,Uncalibrated,11,0.0883141168789867,0.3145418186321088,0.06214828246113583,0.1425737055350766,1.017590016975653,0.5658255145021736,0.5797101449275363,0.934051724137931,0.9342142620978742,0.8840579710144928,0.9102564102564102,0.8875,0.8793103448275862,0.8987341772151899,0.883405172413793,0.7635263453909765,0.8833956820329624,0.7935344827586207,51,7,9,71
Australian Credit Approval,R1_F3,1,3,Sigmoid,11,0.08821715739116492,0.3138141816065996,0.036393495477389064,0.05430529305462145,1.0317115103471057,0.5740080603234445,0.5797101449275363,0.934051724137931,0.9342142620978742,0.8840579710144928,0.9,0.9,0.8620689655172413,0.9,0.8810344827586207,0.7620689655172413,0.8808303292720552,0.7935344827586207,50,8,8,72
Australian Credit Approval,R1_F4,1,4,Uncalibrated,11,0.10874787872287302,0.3775183975496143,0.10503572534451557,-0.6316906290924124,0.9405932115188018,0.5537580340912466,0.4855072463768116,0.9220096699600588,0.8932347246525048,0.855072463768116,0.821917808219178,0.8955223880597015,0.8169014084507042,0.8571428571428571,0.8562118982552029,0.7133240796790038,0.8553090085490205,0.7456380071473617,58,13,7,60
Australian Credit Approval,R1_F4,1,4,Sigmoid,11,0.11098531756736112,0.38841793979825223,0.1257042099052462,-0.778529429645864,0.9599982886052381,0.5698806954849417,0.4855072463768116,0.9220096699600588,0.8932347246525048,0.8695652173913043,0.8266666666666667,0.9253731343283582,0.8169014084507042,0.8732394366197183,0.8711372713895312,0.7447838236913805,0.8694473053470685,0.7456380071473617,58,13,5,62
Australian Credit Approval,R1_F5,1,5,Uncalibrated,11,0.08096724899079911,0.2747052253699785,0.05150490031931246,0.48739209923451304,1.215146669630322,0.4997771273316693,0.5362318840579711,0.9520692567567568,0.958538878507366,0.8985507246376812,0.9545454545454546,0.8513513513513513,0.953125,0.9,0.9022381756756757,0.803120872121694,0.9008020075226058,0.8357263513513513,61,3,11,63
Australian Credit Approval,R1_F5,1,5,Sigmoid,11,0.08063542813227256,0.27389205466797095,0.05091366909192086,0.36100502667477163,1.2755300537056005,0.509938662170463,0.5362318840579711,0.9520692567567568,0.958538878507366,0.8913043478260869,0.9402985074626866,0.8513513513513513,0.9375,0.8936170212765957,0.8944256756756757,0.787108214757162,0.8933878731502303,0.8357263513513513,60,4,11,63
Australian Credit Approval,R2_F1,2,1,Uncalibrated,11,0.11728784097359715,0.38957055388679884,0.0514112096118564,-0.0899402555709191,0.7809653581156224,0.5421092052693911,0.5289855072463768,0.9106427818756586,0.9216611370875147,0.8405797101449275,0.8591549295774648,0.8356164383561644,0.8461538461538461,0.8472222222222222,0.8408851422550052,0.6809098252468508,0.8408686361284067,0.7125395152792413,55,10,12,61
Australian Credit Approval,R2_F1,2,1,Sigmoid,11,0.11793147609759208,0.39353910308521745,0.09324659571608038,-0.17501889522416025,0.7649898116963624,0.5520756916788446,0.5289855072463768,0.9106427818756586,0.9216611370875147,0.8188405797101449,0.8157894736842105,0.8493150684931506,0.7846153846153846,0.8322147651006712,0.8169652265542676,0.6361464129354797,0.8163244876428706,0.7125395152792413,51,14,11,62
Australian Credit Approval,R2_F2,2,2,Uncalibrated,11,0.11628549848368377,0.39029361243868044,0.06496369479745857,0.5043704444963792,0.8626830375774166,0.5725281626681188,0.6304347826086957,0.8992562542258282,0.9248015871917855,0.8478260869565217,0.9342105263157895,0.8160919540229885,0.9019607843137255,0.8711656441717791,0.8590263691683571,0.6967843957280077,0.857952760309503,0.7363083164300204,46,5,16,71
Australian Credit Approval,R2_F2,2,2,Sigmoid,11,0.11608395929163724,0.3901923477391359,0.0651943208852502,0.49261809455896544,0.854019200021527,0.5738072121025262,0.6304347826086957,0.8992562542258282,0.9248015871917855,0.8478260869565217,0.9342105263157895,0.8160919540229885,0.9019607843137255,0.8711656441717791,0.8590263691683571,0.6967843957280077,0.857952760309503,0.7363083164300204,46,5,16,71
Australian Credit Approval,R2_F3,2,3,Uncalibrated,11,0.09206915528119455,0.3205692212598635,0.06177911125408228,0.01983679675300295,0.9384968710002569,0.5196077847764137,0.5217391304347826,0.9280303030303031,0.9293184325493824,0.8695652173913043,0.8970588235294118,0.8472222222222222,0.8939393939393939,0.8714285714285714,0.8705808080808081,0.7405385293628164,0.870267384121294,0.7866161616161615,59,7,11,61
Australian Credit Approval,R2_F3,2,3,Sigmoid,11,0.0923364920020374,0.3210473812047407,0.06360793242941905,-0.06533719831604659,0.9257283480562559,0.5276243072403405,0.5217391304347826,0.9280303030303031,0.9293184325493824,0.8623188405797102,0.8840579710144928,0.8472222222222222,0.8787878787878788,0.8652482269503546,0.8630050505050505,0.7253235664820743,0.8628607184990051,0.7866161616161615,58,8,11,61
Australian Credit Approval,R2_F4,2,4,Uncalibrated,11,0.10053151882793798,0.33978686027389327,0.04111608192032339,-0.046846566580682286,0.9478291692383295,0.5488344904561901,0.5434782608695652,0.9244444444444444,0.9162742692012507,0.8695652173913043,0.8904109589041096,0.8666666666666667,0.873015873015873,0.8783783783783784,0.8698412698412699,0.738122026257206,0.8698354767504926,0.7555555555555555,55,8,10,65
Australian Credit Approval,R2_F4,2,4,Sigmoid,11,0.1005004462571177,0.3407400147933728,0.046078611580569195,-0.11653335716433966,0.934655845026406,0.5561214507045138,0.5434782608695652,0.9244444444444444,0.9162742692012507,0.8768115942028986,0.8918918918918919,0.88,0.873015873015873,0.8859060402684564,0.8765079365079365,0.7521408740827044,0.8765009801785554,0.7555555555555555,55,8,9,66
Australian Credit Approval,R2_F5,2,5,Uncalibrated,11,0.05960648093404947,0.21706668426567793,0.08278796972757077,0.0002629662480905406,1.9443602673109375,0.5500907137056776,0.5507246376811594,0.9817487266553481,0.9864024278741753,0.9130434782608695,0.9210526315789473,0.9210526315789473,0.9032258064516129,0.9210526315789473,0.9121392190152802,0.8242784380305602,0.9120956670998251,0.8624787775891342,56,6,6,70
Australian Credit Approval,R2_F5,2,5,Sigmoid,11,0.05979894315048981,0.21726112848633397,0.07312724188958868,-0.10347287513565802,1.9454184430727852,0.5558454294032137,0.5507246376811594,0.9817487266553481,0.9864024278741753,0.9202898550724637,0.922077922077922,0.9342105263157895,0.9032258064516129,0.9281045751633987,0.9187181663837012,0.8387724549797387,0.918587533132888,0.8624787775891342,56,6,5,71
Australian Credit Approval,R3_F1,3,1,Uncalibrated,11,0.12154650979695185,0.3816317422174448,0.051518629285875354,-0.07521616610718806,0.8568290600786324,0.5284375038896748,0.5217391304347826,0.9126683501683501,0.9270485232449476,0.8260869565217391,0.8529411764705882,0.8055555555555556,0.8484848484848485,0.8285714285714286,0.827020202020202,0.6534905591310713,0.826741606248097,0.6994949494949495,56,10,14,58
Australian Credit Approval,R3_F1,3,1,Sigmoid,11,0.12133839276252237,0.38075285488452754,0.049203169584929346,-0.14568182956168793,0.8931908439939963,0.537504918250212,0.5217391304347826,0.9126683501683501,0.9270485232449476,0.8333333333333334,0.855072463768116,0.8194444444444444,0.8484848484848485,0.8368794326241135,0.8339646464646464,0.6672976811635084,0.8338382308854609,0.6994949494949495,56,10,13,59
Australian Credit Approval,R3_F2,3,2,Uncalibrated,11,0.10622291292671925,0.3651729846797747,0.0729698456224355,0.23124781981271683,0.834494156598313,0.5237603905076686,0.5507246376811594,0.9180814940577249,0.9150278353412443,0.8623188405797102,0.9014084507042254,0.8421052631578947,0.8870967741935484,0.8707482993197279,0.8646010186757216,0.7257448096720611,0.8643083144797217,0.7453310696095076,55,7,12,64
Australian Credit Approval,R3_F2,3,2,Sigmoid,11,0.10503857091427156,0.3615992788900274,0.06591994896068086,0.14916934618818442,0.8528493737995304,0.5327631630164104,0.5507246376811594,0.9180814940577249,0.9150278353412443,0.8695652173913043,0.9027777777777778,0.8552631578947368,0.8870967741935484,0.8783783783783784,0.8711799660441426,0.7392289188430581,0.8710345506666245,0.7453310696095076,55,7,11,65
Australian Credit Approval,R3_F3,3,3,Uncalibrated,11,0.08919711590493483,0.29434445333934856,0.05216518172239243,-0.06435887656454528,1.170275466133542,0.5547015787878282,0.5507246376811594,0.9514006791171477,0.9672400062697093,0.8695652173913043,0.881578947368421,0.881578947368421,0.8548387096774194,0.881578947368421,0.8682088285229201,0.7364176570458404,0.8681058747913175,0.7716468590831919,53,9,9,67
Australian Credit Approval,R3_F3,3,3,Sigmoid,11,0.08964016967120858,0.2942574613538443,0.06611725395654139,-0.13956439407420593,1.1547343489591926,0.5614699196685937,0.5507246376811594,0.9514006791171477,0.9672400062697093,0.8695652173913043,0.881578947368421,0.881578947368421,0.8548387096774194,0.881578947368421,0.8682088285229201,0.7364176570458404,0.8681058747913175,0.7716468590831919,53,9,9,67
Australian Credit Approval,R3_F4,3,4,Uncalibrated,11,0.08603686602015909,0.3036739265271972,0.07693973799714046,-0.01475871328615853,1.0234922686187466,0.5372451863523374,0.5362318840579711,0.9353885135135135,0.9439048198838522,0.8913043478260869,0.8933333333333333,0.9054054054054054,0.875,0.8993288590604027,0.8902027027027026,0.7813132857250352,0.8900728788867402,0.8158783783783784,56,8,7,67
Australian Credit Approval,R3_F4,3,4,Sigmoid,11,0.08688336985916942,0.30460496729390096,0.08206253911543279,-0.13574652773597223,1.0447596449675463,0.5478427184983999,0.5362318840579711,0.9353885135135135,0.9439048198838522,0.8840579710144928,0.881578947368421,0.9054054054054054,0.859375,0.8933333333333333,0.8823902027027026,0.7667255897395466,0.8820900012301864,0.8158783783783784,55,9,7,67
Australian Credit Approval,R3_F5,3,5,Uncalibrated,11,0.08726162428013981,0.2908501766519438,0.061640823589581915,0.27026925148199443,1.1473385751612242,0.5907146267841306,0.6159420289855072,0.9405105438401775,0.9532197915661125,0.855072463768116,0.9113924050632911,0.8470588235294118,0.8679245283018868,0.8780487804878049,0.8574916759156492,0.7029165611684973,0.8574282068230062,0.7786903440621532,46,7,13,72
Australian Credit Approval,R3_F5,3,5,Sigmoid,11,0.08687795174320101,0.2920607755992126,0.09144628607130295,0.1823268250268895,1.2201158423767415,0.5972061041237544,0.6159420289855072,0.9405105438401775,0.9532197915661125,0.855072463768116,0.9012345679012346,0.8588235294117647,0.8490566037735849,0.8795180722891566,0.8539400665926749,0.6992414815334496,0.8539261028468426,0.7786903440621532,45,8,12,73
Australian Credit Approval,R4_F1,4,1,Uncalibrated,11,0.09652248743975175,0.31596743003211203,0.04816910628083641,-0.05977794198145902,1.033078710272893,0.5418500025372036,0.5362318840579711,0.9353885135135136,0.9360190652058926,0.8623188405797102,0.8873239436619719,0.8513513513513513,0.875,0.8689655172413793,0.8631756756756757,0.7247463219391427,0.8630946833531258,0.7753378378378378,56,8,11,63
Australian Credit Approval,R4_F1,4,1,Sigmoid,11,0.09672866619022491,0.317057808501481,0.0671387564504365,-0.15056534308281136,1.0531052108481729,0.5504403940945202,0.5362318840579711,0.9353885135135136,0.9360190652058926,0.855072463768116,0.8648648648648649,0.8648648648648649,0.84375,0.8648648648648649,0.8543074324324325,0.7086148648648649,0.8542421961772492,0.7753378378378378,54,10,10,64
Australian Credit Approval,R4_F2,4,2,Uncalibrated,11,0.11511036129850309,0.36775810460607816,0.0522375060761976,0.10269324708636716,0.9035950170004748,0.5156154712228436,0.5289855072463768,0.9140147523709167,0.9319164366691512,0.8188405797101449,0.875,0.7671232876712328,0.8769230769230769,0.8175182481751825,0.8220231822971549,0.644658026978921,0.8201878527532606,0.7072708113804005,57,8,17,56
Australian Credit Approval,R4_F2,4,2,Sigmoid,11,0.11503266962067574,0.3669110978042195,0.05083645762930266,0.02543952617901643,0.9055516205893207,0.5244856828653457,0.5289855072463768,0.9140147523709167,0.9319164366691512,0.8188405797101449,0.8636363636363636,0.7808219178082192,0.8615384615384616,0.8201438848920863,0.8211801896733404,0.6418870860183381,0.8201878527532606,0.7072708113804005,56,9,16,57
Australian Credit Approval,R4_F3,4,3,Uncalibrated,11,0.10339301312858203,0.3549212192784523,0.04636524528778724,-0.02820560685100527,0.8740158500815786,0.5152245838401237,0.5144927536231884,0.9194870716838344,0.8982153267591431,0.8695652173913043,0.8955223880597015,0.8450704225352113,0.8955223880597015,0.8695652173913043,0.8702964052974564,0.7405928105949128,0.8699307345227857,0.7687618246794198,60,7,11,60
Australian Credit Approval,R4_F3,4,3,Sigmoid,11,0.10293343296645917,0.35516399713995694,0.06799895333312045,-0.11590365982757214,0.8804999759378023,0.5248220402547866,0.5144927536231884,0.9194870716838344,0.8982153267591431,0.8768115942028986,0.8970588235294118,0.8591549295774648,0.8955223880597015,0.8776978417266187,0.8773386588185832,0.7544394616715052,0.8771502005064331,0.7687618246794198,60,7,10,61
Australian Credit Approval,R4_F4,4,4,Uncalibrated,11,0.08850832401027071,0.3066108097274658,0.08637595727107153,0.5658770705819894,1.0153063383217567,0.6006021055244343,0.6521739130434783,0.9446759259259259,0.9743329005422932,0.8768115942028986,0.9294117647058824,0.8777777777777778,0.875,0.9028571428571428,0.8763888888888889,0.7371591589346116,0.8763877883423271,0.8138888888888889,42,6,11,79
Australian Credit Approval,R4_F4,4,4,Sigmoid,11,0.08819512179703953,0.3043441662211878,0.06471281783596738,0.5200175795461107,1.011424802759786,0.605018517975643,0.6521739130434783,0.9446759259259259,0.9743329005422932,0.8768115942028986,0.9294117647058824,0.8777777777777778,0.875,0.9028571428571428,0.8763888888888889,0.7371591589346116,0.8763877883423271,0.8138888888888889,42,6,11,79
Australian Credit Approval,R4_F5,4,5,Uncalibrated,11,0.08071381984543761,0.28834890303979427,0.055933867422270245,-0.1291317710010748,1.049107466885101,0.5544949658090821,0.5434782608695652,0.9451851851851851,0.9398944422223259,0.9130434782608695,0.9315068493150684,0.9066666666666666,0.9206349206349206,0.918918918918919,0.9136507936507936,0.825556223358918,0.9136240992382998,0.8673015873015872,58,5,7,68
Australian Credit Approval,R4_F5,4,5,Sigmoid,11,0.08093527298604052,0.2899256755446025,0.0675429312831429,-0.1929877105449616,1.089438661863584,0.5600178327506236,0.5434782608695652,0.9451851851851851,0.9398944422223259,0.9202898550724637,0.9324324324324325,0.92,0.9206349206349206,0.9261744966442953,0.9203174603174603,0.839658109009697,0.9203174055640407,0.8673015873015872,58,5,6,69
Australian Credit Approval,R5_F1,5,1,Uncalibrated,11,0.11075756286827403,0.3419999758238101,0.07048065109791504,0.027187279046775786,0.950234443419834,0.541237972086801,0.5434782608695652,0.9316402116402116,0.950574465316831,0.8333333333333334,0.8513513513513513,0.84,0.8253968253968254,0.8456375838926175,0.8326984126984127,0.6646236391557118,0.8326663997864531,0.7257142857142858,52,11,12,63
Australian Credit Approval,R5_F1,5,1,Sigmoid,11,0.11058076418052129,0.3418197548910953,0.08780437332752371,-0.07246049909430952,1.0047921655180534,0.5509078191715793,0.5434782608695652,0.9316402116402116,0.950574465316831,0.8043478260869565,0.8076923076923077,0.84,0.7619047619047619,0.8235294117647058,0.8009523809523809,0.6047916118572527,0.7999999999999999,0.7257142857142858,48,15,12,63
Australian Credit Approval,R5_F2,5,2,Uncalibrated,11,0.10283636279740707,0.3513553745813714,0.04825559032379396,0.041184172871306754,0.8335156526174828,0.5707944466873162,0.572463768115942,0.9156833297575627,0.9272774075412258,0.8695652173913043,0.9066666666666666,0.8607594936708861,0.8813559322033898,0.8831168831168831,0.871057712937138,0.7370723235746327,0.8709968346367406,0.7590645784166488,52,7,11,68
Australian Credit Approval,R5_F2,5,2,Sigmoid,11,0.10282099116942839,0.3506049705018099,0.04534322981534389,-0.019423188990174926,0.8454480719191105,0.5769756000335026,0.572463768115942,0.9156833297575627,0.9272774075412258,0.8695652173913043,0.9066666666666666,0.8607594936708861,0.8813559322033898,0.8831168831168831,0.871057712937138,0.7370723235746327,0.8709968346367406,0.7590645784166488,52,7,11,68
Australian Credit Approval,R5_F3,5,3,Uncalibrated,11,0.08122646573260522,0.2790592110875756,0.044672221149904906,-0.07843359225897034,1.19904896406452,0.536058247039431,0.5289855072463768,0.9498419388830347,0.9487942025157913,0.8985507246376812,0.9154929577464789,0.8904109589041096,0.9076923076923077,0.9027777777777778,0.8990516332982086,0.797095983990672,0.8990101101112221,0.8134878819810327,59,6,8,65
Australian Credit Approval,R5_F3,5,3,Sigmoid,11,0.082116780577945,0.2830939605491558,0.05461370293645007,-0.18412775718038324,1.2650031454214994,0.5448372177862746,0.5289855072463768,0.9498419388830347,0.9487942025157913,0.8985507246376812,0.9154929577464789,0.8904109589041096,0.9076923076923077,0.9027777777777778,0.8990516332982086,0.797095983990672,0.8990101101112221,0.8134878819810327,59,6,8,65
Australian Credit Approval,R5_F4,5,4,Uncalibrated,11,0.0830376078078767,0.2931767869413416,0.041471706226218576,0.03026394178906214,1.0207499802521147,0.5768385995964679,0.5797101449275363,0.9437499999999999,0.9586518963581967,0.8985507246376812,0.9230769230769231,0.9,0.896551724137931,0.9113924050632911,0.8982758620689655,0.7931403520418913,0.8982742074245136,0.8137931034482759,52,6,8,72
Australian Credit Approval,R5_F4,5,4,Sigmoid,11,0.0830890254133241,0.29316806909436677,0.04663933026813077,-0.04440779982289956,1.0128790101321654,0.5833969771080625,0.5797101449275363,0.9437499999999999,0.9586518963581967,0.8985507246376812,0.9230769230769231,0.9,0.896551724137931,0.9113924050632911,0.8982758620689655,0.7931403520418913,0.8982742074245136,0.8137931034482759,52,6,8,72
Australian Credit Approval,R5_F5,5,5,Uncalibrated,11,0.10399267627557114,0.3509399223400367,0.08332185102342543,0.5433192399876141,1.0751989114649323,0.4964758513186332,0.5507246376811594,0.9250848896434635,0.9197564748923204,0.8478260869565217,0.9104477611940298,0.8026315789473685,0.9032258064516129,0.8531468531468531,0.8529286926994907,0.7025108373018846,0.8514443934739768,0.7699490662139219,56,6,15,61
Australian Credit Approval,R5_F5,5,5,Sigmoid,11,0.10225165151816099,0.3466444069052388,0.0688644371496042,0.44935219289499195,1.0801599368301518,0.5059514261023123,0.5507246376811594,0.9250848896434635,0.9197564748923204,0.8478260869565217,0.9104477611940298,0.8026315789473685,0.9032258064516129,0.8531468531468531,0.8529286926994907,0.7025108373018846,0.8514443934739768,0.7699490662139219,56,6,15,61
Taiwan Credit Card Default,R1_F1,1,1,Uncalibrated,18,0.15422589003539405,0.4849270887468498,0.14551991709266635,-0.7528638830344867,1.303185998149858,0.3623893953390407,0.2168694782463744,0.784021869413743,0.5553924978590703,0.8116352725454242,0.575197889182058,0.5026902382782475,0.8971902937420179,0.5365053322395406,0.6999402660101327,0.4204726056063696,0.671571889332859,0.42467627318802803,4215,483,647,654
Taiwan Credit Card Default,R1_F1,1,1,Sigmoid,18,0.13208784932614304,0.42238060169257796,0.009818183178361315,0.049191349920872825,1.0591238552130853,0.2190844833299785,0.2168694782463744,0.784021869413743,0.5553924978590703,0.8229704950825137,0.6759941089837997,0.3528055342044581,0.9531715623669647,0.4636363636363636,0.6529885482857114,0.39800943787769566,0.5799001657607755,0.42467627318802803,4478,220,842,459
Taiwan Credit Card Default,R1_F2,1,2,Uncalibrated,18,0.15722042173476375,0.49170247324703237,0.14122386250577615,-0.7446933568373147,1.2370570750920225,0.36429583153888195,0.22311155577788894,0.7741464917861535,0.5545887351970623,0.8062364515591129,0.575993091537133,0.49850523168908817,0.8946125778063962,0.5344551282051282,0.6965589047477422,0.41463412316806814,0.6678091421741319,0.41635313107279703,4168,491,671,667
Taiwan Credit Card Default,R1_F2,1,2,Sigmoid,18,0.13619813483467225,0.4339653948655218,0.009493352816888685,0.009368484165654037,0.9951307217873975,0.22110213305145415,0.22311155577788894,0.7741464917861535,0.5545887351970623,0.8195764548941137,0.6743869209809265,0.36995515695067266,0.9487014380768405,0.4777992277992278,0.6593282975137565,0.4047926406477425,0.5924331096613746,0.41635313107279703,4420,239,843,495
Taiwan Credit Card Default,R1_F3,1,3,Uncalibrated,18,0.15898285981785665,0.4961087419590124,0.1507074526661803,-0.8236482685556211,1.1980724862991907,0.36830158795441753,0.21759413528823726,0.7753743859424853,0.5354391469451536,0.8027324225258248,0.5515202702702703,0.5,0.8869250425894378,0.5244979919678715,0.693462521294719,0.40119288524060703,0.6659298170939029,0.42229123348925546,4165,531,653,653
Taiwan Credit Card Default,R1_F3,1,3,Sigmoid,18,0.1356129428351624,0.43173232741746004,0.013279160186388647,-0.08797917455130298,0.9721902601334649,0.22552294671858752,0.21759413528823726,0.7753743859424853,0.5354391469451536,0.8188937020993002,0.6481732070365359,0.3667687595712098,0.944633730834753,0.4684596577017115,0.6557012452029813,0.3910378621103967,0.5886103479445349,0.42229123348925546,4436,260,827,479
Taiwan Credit Card Default,R1_F4,1,4,Uncalibrated,18,0.15520964653318609,0.4877326682175029,0.14280703943525538,-0.7510859256014359,1.2651959011525031,0.36396948208889063,0.2215,0.7744813385957798,0.5785209743096404,0.8098333333333333,0.5791245791245792,0.5176824680210684,0.8929565403553843,0.5466825586015097,0.7053195041882263,0.42791410000838875,0.6799028942773594,0.4356485166386131,4171,500,641,688
Taiwan Credit Card Default,R1_F4,1,4,Sigmoid,18,0.1323985943046916,0.4281189211616973,0.013747995513476248,0.028395976527792792,1.02097037802334,0.22076970710888072,0.2215,0.7744813385957798,0.5785209743096404,0.8256666666666667,0.6951724137931035,0.3792325056433409,0.9526867908370799,0.4907497565725414,0.6659596482402104,0.4228824775042811,0.6010738713190411,0.4356485166386131,4450,221,825,504
Taiwan Credit Card Default,R1_F5,1,5,Uncalibrated,18,0.15661865267909184,0.49064928015907866,0.13942710979586861,-0.7158075101055223,1.2771018773771305,0.3659069092772931,0.22692435854715096,0.7815474042989519,0.567036393365205,0.80973008997001,0.5932203389830508,0.5139500734214391,0.896551724137931,0.5507474429583006,0.705250898779685,0.4326214021941957,0.6788098588314754,0.4353549546812497,4160,480,662,700
Taiwan Credit Card Default,R1_F5,1,5,Sigmoid,18,0.1360746043329122,0.4340729107003107,0.014243168886894128,0.07309662155294053,1.0304937191293988,0.22154989010423576,0.22692435854715096,0.7815474042989519,0.567036393365205,0.8183938687104299,0.6982507288629738,0.35168869309838474,0.9553879310344827,0.4677734375,0.6535383120664338,0.40424043967423934,0.5796543218742417,0.4353549546812497,4433,207,883,479
Taiwan Credit Card Default,R2_F1,2,1,Uncalibrated,18,0.15673076355519575,0.4911252771437768,0.14684855490173843,-0.7769747025128209,1.2553255850384624,0.3663376974698981,0.2195162635529608,0.7795557626360035,0.5520579114128444,0.8091743119266055,0.5723905723905723,0.5167173252279635,0.8914297926907458,0.5431309904153354,0.7040735589593548,0.4238146061699245,0.6786878650069413,0.4346694569475852,4171,508,636,680
Taiwan Credit Card Default,R2_F1,2,1,Sigmoid,18,0.13430481648577045,0.42863266567995767,0.010204045692884526,-0.002247002037064006,1.0173035200290073,0.22240971686923752,0.2195162635529608,0.7795557626360035,0.5520579114128444,0.8191826522101752,0.6638418079096046,0.35714285714285715,0.9491344304338534,0.4644268774703557,0.6531386437883553,0.39282396550293996,0.5822169546636415,0.4346694569475852,4441,238,846,470
Taiwan Credit Card Default,R2_F2,2,2,Uncalibrated,18,0.15235575267000143,0.4804347597925118,0.14726156638941953,-0.747788261741594,1.3694378148480504,0.36509169068022046,0.21813031161473087,0.7896726349223716,0.5893866525884842,0.8145309115147475,0.5836177474402731,0.5225362872421696,0.8959931798806479,0.5513905683192262,0.7092647335614087,0.43599595185612056,0.6842433409315279,0.4364212087997254,4204,488,625,684
Taiwan Credit Card Default,R2_F2,2,2,Sigmoid,18,0.12877361812171778,0.41527932769472437,0.014405042127718306,0.08296045240337115,1.1013870136861974,0.22173053587271238,0.21813031161473087,0.7896726349223716,0.5893866525884842,0.832027995334111,0.7122708039492243,0.385790679908327,0.9565217391304348,0.5004955401387512,0.6711562095193809,0.4379640318713897,0.6074678362565592,0.4364212087997254,4488,204,804,505
Taiwan Credit Card Default,R2_F3,2,3,Uncalibrated,18,0.15841639221016054,0.4947896049395546,0.14397887782245147,-0.7833792005279331,1.1873272363520435,0.3645720134439109,0.22059313562145952,0.7724540466463191,0.5375409233613515,0.8055648117294235,0.5671514114627887,0.5007552870090635,0.8918341171440787,0.5318892900120337,0.6962947020765711,0.41105224274833707,0.668274381743725,0.4116223784533633,4172,506,661,663
Taiwan Credit Card Default,R2_F3,2,3,Sigmoid,18,0.13675241055899545,0.43585904736795095,0.008412091357506892,-0.07096309155572081,0.9475792903910866,0.22244768551743457,0.22059313562145952,0.7724540466463191,0.5375409233613515,0.8168943685438187,0.6534788540245566,0.36178247734138974,0.9457032920051304,0.4657267865824016,0.65374288467326,0.3893884234900857,0.5849263883699587,0.4116223784533633,4424,254,845,479
Taiwan Credit Card Default,R2_F4,2,4,Uncalibrated,18,0.15685512670052104,0.4911816180580907,0.14146555411470205,-0.7385264035256013,1.2637018454881486,0.3663531103365911,0.22488755622188905,0.7758181499789064,0.5629812429840122,0.8102615358987173,0.5888795282224094,0.5177777777777778,0.8951214270363207,0.551044540796216,0.7064496024070492,0.43282153248338484,0.6807892356171177,0.43172147001934236,4165,488,651,699
Taiwan Credit Card Default,R2_F4,2,4,Sigmoid,18,0.13532230966507267,0.432818574076903,0.009154903400899925,0.04964879889239272,1.0255910251565292,0.22196037864548326,0.22488755622188905,0.7758181499789064,0.5629812429840122,0.8194236215225721,0.6889204545454546,0.3592592592592593,0.9529335912314636,0.47224926971762415,0.6560964252453614,0.40511010312129897,0.5851070125276926,0.43172147001934236,4434,219,865,485
Taiwan Credit Card Default,R2_F5,2,5,Uncalibrated,18,0.15815381649217375,0.4941786528306502,0.13932753942276618,-0.7510253924092302,1.184503336868214,0.36189211710916624,0.22287047841306884,0.7667795480061748,0.5448342972606866,0.8011335222537089,0.5614334470989761,0.49214659685863876,0.8897468897468898,0.5245117576723795,0.6909467433027643,0.40085899590111196,0.6617294793603277,0.4197353673793464,4148,514,679,658
Taiwan Credit Card Default,R2_F5,2,5,Sigmoid,18,0.1374681373666504,0.4390762161359005,0.010145052445899505,-0.02145562147980059,0.9588131600083168,0.2195478566934035,0.22287047841306884,0.7667795480061748,0.5448342972606866,0.8189698283047174,0.6780141843971631,0.3575168287210172,0.9513084513084513,0.4681684622918707,0.6544126400147343,0.3990967168870823,0.5831884606602737,0.4197353673793464,4435,227,859,478
Taiwan Credit Card Default,R3_F1,3,1,Uncalibrated,18,0.16003027857981864,0.49851735672385183,0.13828018548044568,-0.7573105654857787,1.1453615994179822,0.36248421948611337,0.2242040340056676,0.7627394111153535,0.5346119128198248,0.7996332722120353,0.562012142237641,0.4817843866171004,0.8914911903738719,0.5188150520416333,0.6866377884954862,0.39509137461609795,0.655367481897618,0.4041676584718266,4149,505,697,648
Taiwan Credit Card Default,R3_F1,3,1,Sigmoid,18,0.13990882169938212,0.445094362824515,0.010687926494608625,-0.058732035968788225,0.9208296733135978,0.22013564479833905,0.2242040340056676,0.7627394111153535,0.5346119128198248,0.8133022170361727,0.6586741889985895,0.34721189591078067,0.9480017189514396,0.45472249269717624,0.6476068074311101,0.38138162137192,0.5737224713777632,0.4041676584718266,4412,242,878,467
Taiwan Credit Card Default,R3_F2,3,2,Uncalibrated,18,0.15600594958493105,0.4894362272314578,0.14917635210378144,-0.7746999285808749,1.3049607033050028,0.3670812734968799,0.21792735754748419,0.7831624143776492,0.5646476679974118,0.8080639786737754,0.5654362416107382,0.5152905198776758,0.8896463570515551,0.5392,0.7024684384646155,0.4190367162550604,0.6770718823229748,0.43739844866698196,4176,518,634,674
Taiwan Credit Card Default,R3_F2,3,2,Sigmoid,18,0.13237934328045672,0.42434712934947444,0.01405817166196683,0.01449786184000537,1.0469425676069342,0.22286519423669876,0.21792735754748419,0.7831624143776492,0.5646476679974118,0.8217260913028991,0.6695156695156695,0.35932721712538224,0.9505752023860247,0.46766169154228854,0.6549512097557034,0.39810157034119864,0.584437800062391,0.43739844866698196,4462,232,838,470
Taiwan Credit Card Default,R3_F3,3,3,Uncalibrated,18,0.15580270061416152,0.48866517875512444,0.14608130545087655,-0.7611801346593263,1.290041463840157,0.36658828854021225,0.22070345057509586,0.775162770408905,0.571979835627741,0.8114685780963494,0.5807531380753138,0.5241691842900302,0.8928342245989305,0.5510123064708218,0.7085017044444804,0.43300105387292315,0.6841024683585369,0.4295857634457243,4174,501,630,694
Taiwan Credit Card Default,R3_F3,3,3,Sigmoid,18,0.13254800572630676,0.4262318659165258,0.011316603535003212,0.04031406387664468,1.0482913765385764,0.22239066023034829,0.22070345057509586,0.775162770408905,0.571979835627741,0.8253042173695616,0.6943661971830986,0.3723564954682779,0.9535828877005348,0.48475909537856443,0.6629696915844063,0.41846166778638,0.5958798387281546,0.4295857634457243,4458,217,831,493
Taiwan Credit Card Default,R3_F4,3,4,Uncalibrated,18,0.15660858879075534,0.49039891797260937,0.14197400412550654,-0.7587426692007928,1.2346262596550672,0.36597400412550657,0.224,0.7785257405958518,0.5649295989712437,0.8076666666666666,0.5794314381270903,0.515625,0.8919673539518901,0.5456692913385827,0.7037961769759451,0.42536823915991057,0.6781745106397344,0.4341556210112911,4153,503,651,693
Taiwan Credit Card Default,R3_F4,3,4,Sigmoid,18,0.13492558606651983,0.4317651934406741,0.007051853761918794,0.008519647572941729,1.0016182083519876,0.2230773442275125,0.224,0.7785257405958518,0.5649295989712437,0.8203333333333334,0.6837016574585635,0.36830357142857145,0.9508161512027491,0.4787234042553192,0.6595598613156602,0.4084492373335942,0.5917676776066272,0.4341556210112911,4427,229,849,495
Taiwan Credit Card Default,R3_F5,3,5,Uncalibrated,18,0.15591604018454772,0.4890696868988472,0.1458247013200159,-0.779867075743543,1.243800648652259,0.3649913679866825,0.21916666666666668,0.7834019258940638,0.5434592171045138,0.8083333333333333,0.5698560541913632,0.511787072243346,0.8915688367129135,0.5392628205128205,0.7016779544781298,0.4196649371492815,0.6754949331006915,0.4286822680588075,4177,508,642,673
Taiwan Credit Card Default,R3_F5,3,5,Sigmoid,18,0.13409464759547787,0.42722628538111274,0.015599459387955147,-0.02722994739136004,0.9977515451752311,0.2225030613076764,0.21916666666666668,0.7834019258940638,0.5434592171045138,0.821,0.6657496561210454,0.36806083650190113,0.9481323372465315,0.4740450538687561,0.6580965868742163,0.4008427866750328,0.590737150652861,0.4286822680588075,4442,243,831,484
Taiwan Credit Card Default,R4_F1,4,1,Uncalibrated,18,0.15424575461107903,0.4854332531733548,0.1419946201779257,-0.7122055606104805,1.3375340570313479,0.3638424216045708,0.22207402467489162,0.7825006210668448,0.5735376072287959,0.8139379793264422,0.5919931856899489,0.5217717717717718,0.8973424774967853,0.5546687948922586,0.7095571246342786,0.43905528385661596,0.6842572428331095,0.4341347348205471,4187,479,637,695
Taiwan Credit Card Default,R4_F1,4,1,Sigmoid,18,0.1325216969886887,0.425451172654581,0.014799271843490192,0.10709377575938672,1.0767908200163627,0.21917251819048986,0.22207402467489162,0.7825006210668448,0.5735376072287959,0.824108036012004,0.7082706766917293,0.3536036036036036,0.9584226318045435,0.471707561342013,0.6560131177040736,0.4130655505203217,0.5821526401050985,0.4341347348205471,4472,194,861,471
Taiwan Credit Card Default,R4_F2,4,2,Uncalibrated,18,0.15387148899177416,0.48463928912623655,0.1473518098666617,-0.7679140558832126,1.3036600976702655,0.36377966724753463,0.21642785738087303,0.7849169047912515,0.5567875669478647,0.8150616461179607,0.5823888404533566,0.5142417244033872,0.8981501169466298,0.5461978740801309,0.7061959206750086,0.43194236672534664,0.679607434414706,0.44231623239519036,4224,479,631,668
Taiwan Credit Card Default,R4_F2,4,2,Sigmoid,18,0.13106951089703686,0.42043556918069847,0.017145878598809096,0.012026714962336999,1.0389195793877142,0.2205560850146655,0.21642785738087303,0.7849169047912515,0.5567875669478647,0.8255581472842386,0.6805157593123209,0.36566589684372597,0.9525834573676377,0.4757135703555333,0.6591246771056818,0.40881811079433017,0.5901925823465036,0.44231623239519036,4480,223,824,475
Taiwan Credit Card Default,R4_F3,4,3,Uncalibrated,18,0.15687072712632227,0.4911435176031568,0.13580000753627852,-0.7125834395310889,1.2277078984459195,0.36163334086961185,0.22583333333333333,0.7760687800634734,0.5593083281255641,0.8046666666666666,0.5793581960104076,0.4929889298892989,0.8955866523143164,0.532695374800638,0.6942877911018077,0.4123697976529521,0.6644654282561091,0.41958142509304536,4160,485,687,668
Taiwan Credit Card Default,R4_F3,4,3,Sigmoid,18,0.13732078274271808,0.43781087424437126,0.008121679595535027,0.03973476866027547,0.9875463940829112,0.21851922574022667,0.22583333333333333,0.7760687800634734,0.5593083281255641,0.8161666666666667,0.6764705882352942,0.35645756457564576,0.9502691065662002,0.46689221846302564,0.653363335570923,0.39609682642097693,0.5820056798847092,0.41958142509304536,4414,231,872,483
Taiwan Credit Card Default,R4_F4,4,4,Uncalibrated,18,0.15818717405073923,0.4942399699636228,0.14551471865595095,-0.7895746744427496,1.1789619599884928,0.36380415420571965,0.2195162635529608,0.7685741471789819,0.5489140370604475,0.8046705587989992,0.5630983463881636,0.49164133738601823,0.892712117973926,0.5249492900608519,0.6921767276799722,0.4041881137390139,0.6624908901874846,0.4080027426430322,4177,502,669,647
Taiwan Credit Card Default,R4_F4,4,4,Sigmoid,18,0.13609405254904525,0.4351400504940392,0.009662527423565374,-0.08218190697168207,0.9402473016868915,0.22174710458565217,0.2195162635529608,0.7685741471789819,0.5489140370604475,0.8166805671392827,0.6496551724137931,0.35790273556231,0.945714896345373,0.46153846153846156,0.6518088159538415,0.38544032155789526,0.5817851394321064,0.4080027426430322,4425,254,845,471
Taiwan Credit Card Default,R4_F5,4,5,Uncalibrated,18,0.15993351463495967,0.497914672908099,0.15070662591235018,-0.8285371000029725,1.19820964747053,0.3728548357374959,0.22214820982514571,0.7752297582743631,0.5539605901394313,0.8003330557868443,0.5524475524475524,0.532983508245877,0.8766859344894027,0.5425410148798169,0.7048347213676398,0.4150000775052261,0.6835635632433731,0.4276925442224295,4095,576,623,711
Taiwan Credit Card Default,R4_F5,4,5,Sigmoid,18,0.13568721484284227,0.43340567282872217,0.010324126640245637,-0.07506805525074099,0.9780000621678041,0.22930863549544464,0.22214820982514571,0.7752297582743631,0.5539605901394313,0.8181515403830142,0.6555269922879178,0.3823088455772114,0.942624705630486,0.48295454545454547,0.6624667756038487,0.40221786544006916,0.600311388382854,0.4276925442224295,4403,268,824,510
Taiwan Credit Card Default,R5_F1,5,1,Uncalibrated,18,0.15456766135924574,0.4867973680858483,0.1508815377575063,-0.7816635233421719,1.3340522201971223,0.36825109935110534,0.21736956159359894,0.785512505145142,0.5629840605298947,0.8148024670778463,0.581024349286314,0.5306748466257669,0.893716719914803,0.5547094188376753,0.712195783270285,0.43881880339218243,0.6886748022598703,0.44058537015621635,4196,499,612,692
Taiwan Credit Card Default,R5_F1,5,1,Sigmoid,18,0.130118610512214,0.4196615339850226,0.01645205381250247,0.024788039122743816,1.071983035031837,0.22438753325879804,0.21736956159359894,0.785512505145142,0.5629840605298947,0.829138189698283,0.6934812760055479,0.3834355828220859,0.9529286474973376,0.49382716049382713,0.6681821151597118,0.4266424596911802,0.6044722916238623,0.44058537015621635,4474,221,804,500
Taiwan Credit Card Default,R5_F2,5,2,Uncalibrated,18,0.1564475865403925,0.49007871729456315,0.14041891482485697,-0.7422413550742407,1.2432647861608812,0.36492034382210475,0.22457485828609536,0.7771549955250661,0.5649465896159083,0.8074358119373124,0.5809443507588533,0.5115070527097253,0.8931412599440981,0.544018949861824,0.7023241563269117,0.4239645530897075,0.6759053584100781,0.44055153660147967,4154,497,658,689
Taiwan Credit Card Default,R5_F2,5,2,Sigmoid,18,0.13530274153078675,0.4326544348355014,0.006706003905346667,0.02011250205103203,0.999952891529889,0.22183397464080848,0.22457485828609536,0.7771549955250661,0.5649465896159083,0.8192730910303434,0.685472496473907,0.36080178173719374,0.9520533218662653,0.4727626459143969,0.6564275518017295,0.40438059834153306,0.5860908929834711,0.44055153660147967,4428,223,861,486
Taiwan Credit Card Default,R5_F3,5,3,Uncalibrated,18,0.15822417830066857,0.4945002071028478,0.14560193331534507,-0.7873251767246119,1.1991000714562412,0.36571067015693987,0.2205735245081694,0.7729736743182122,0.5470452973333052,0.806268756252084,0.567476948868399,0.5117157974300831,0.8896256684491979,0.5381558028616852,0.7006707329396404,0.4168865122921402,0.674711425977619,0.42676254340119885,4159,516,646,677
Taiwan Credit Card Default,R5_F3,5,3,Sigmoid,18,0.1359918413042867,0.43434772253861653,0.016929882731613534,-0.051352732073468625,0.9669204436257383,0.22264641621335649,0.2205735245081694,0.7729736743182122,0.5470452973333052,0.8157719239746583,0.6526610644257703,0.35222978080120937,0.946951871657754,0.4575355915562101,0.6495908262294816,0.38306738404224366,0.5775332459549889,0.42676254340119885,4427,248,857,466
Taiwan Credit Card Default,R5_F4,5,4,Uncalibrated,18,0.1561359520513408,0.48890894695645304,0.1370845387864545,-0.7090273368681589,1.2526431461299912,0.3611437144621852,0.22431307243963364,0.7789211940852292,0.555083167390145,0.8063280599500416,0.58,0.4951744617668894,0.8963074280807214,0.5342410893071686,0.6957409449238054,0.415003422994212,0.6662045844014706,0.41870760301584575,4175,483,680,667
Taiwan Credit Card Default,R5_F4,5,4,Sigmoid,18,0.13681807936178297,0.4342535375362527,0.009127602188234291,0.05769533516257193,1.0097784727239973,0.21799479933319788,0.22431307243963364,0.7789211940852292,0.555083167390145,0.8159866777685262,0.6789940828402367,0.34075723830734966,0.9534134821811936,0.453781512605042,0.6470853602442717,0.3882279297681714,0.5699846885251015,0.41870760301584575,4441,217,888,459
Taiwan Credit Card Default,R5_F5,5,5,Uncalibrated,18,0.15700709559313872,0.4914378139705485,0.14618444128848324,-0.7860297569186204,1.2246603386706127,0.3650977766766773,0.21916666666666668,0.774811123600521,0.5501318490263489,0.8046666666666666,0.5597326649958229,0.5095057034220533,0.887513340448239,0.5334394904458599,0.6985095219351461,0.4109846907479623,0.6724530532472406,0.4221449411802898,4158,527,645,670
Taiwan Credit Card Default,R5_F5,5,5,Sigmoid,18,0.13436506328577852,0.43000316558961116,0.006481189099493842,-0.040099338087777575,0.9849009914886596,0.22236681312180887,0.21916666666666668,0.774811123600521,0.5501318490263489,0.8218333333333333,0.6713091922005571,0.3665399239543726,0.9496264674493063,0.47417609444171177,0.6580831957018395,0.40296929531951886,0.5899796718226216,0.4221449411802898,4449,236,833,482
