dataset,feature_regime,weight_strategy,Scale_Pos_Weight_Mean,Source_Features,ROC_AUC,PR_AUC,Recall,Precision,F1,Balanced_Accuracy,MCC,GMean,KS,Cost_1_1,Cost_2_1,Cost_5_1,Cost_10_1,Runtime_Seconds
Australian Credit Approval,AllFeatures,Balanced,0.8020810353667197,14.0,0.9322563974609318,0.9330743075064092,0.8778362330749343,0.8934179440582531,0.8848455776637636,0.8743900652511329,0.7464202811006075,0.8739958947016521,0.7776863666644968,12.608695652173912,19.42028985507246,39.85507246376812,73.91304347826087,0.27069253200432286
Australian Credit Approval,AllFeatures,Cost2,1.6041620707334394,14.0,0.9310328961033797,0.9331693104982623,0.8945841734549143,0.8724721436703387,0.8826696290622321,0.8663747601644407,0.7346361884987374,0.865511428440758,0.7762783031708677,13.130434782608695,19.014492753623188,36.666666666666664,66.08695652173913,0.2757198560028337
Australian Credit Approval,AllFeatures,Cost5,4.010405176833598,14.0,0.9303631958607349,0.9322578107599553,0.9202746690090439,0.8504101299083628,0.883262969462037,0.8590516583444223,0.7279937506320158,0.8563776455425826,0.7745930384167887,13.478260869565217,17.942028985507246,31.333333333333336,53.65217391304348,0.2785811599949375
Australian Credit Approval,AllFeatures,Unweighted,1.0,14.0,0.9315676492243011,0.9328366710194778,0.8789575769826825,0.8893530223031888,0.8833359269900393,0.8721299344906208,0.7423314450749313,0.8716798921744342,0.7771970589581915,12.81159420289855,19.565217391304348,39.82608695652174,73.59420289855072,0.2743576279934496
Australian Credit Approval,FrozenChi2Top75,Balanced,0.8020810353667197,11.0,0.926164350839923,0.9297916308563878,0.8612208567795346,0.8842845016923424,0.8719637538801408,0.8602813859808188,0.7183897311696487,0.8598743365010142,0.7623151637714,13.971014492753623,21.681159420289855,44.81159420289855,83.36231884057972,0.24977322400547564
Australian Credit Approval,FrozenChi2Top75,Cost2,1.6041620707334394,11.0,0.9253442126359326,0.9307118193308176,0.8839620393024233,0.864669895372232,0.8733409107217622,0.8553846883094368,0.7131285084013408,0.8542841156494396,0.7607530783130063,14.17391304347826,20.63768115942029,40.028985507246375,72.34782608695652,0.2561355760018341
Australian Credit Approval,FrozenChi2Top75,Cost5,4.010405176833598,11.0,0.9243040442007247,0.92981422510027,0.9078161340971055,0.8381901682974454,0.8705855096307712,0.844614421100149,0.6992866441498146,0.8415071806870869,0.7526051267434787,14.927536231884057,20.08695652173913,35.56521739130435,61.36231884057971,0.25854456399567427
Australian Credit Approval,FrozenChi2Top75,Unweighted,1.0,11.0,0.9259399374019719,0.9304989567727574,0.8710457440467805,0.8769713504153356,0.8733661280091795,0.8595096449789255,0.7177398777719824,0.8590704761274222,0.7605968467402472,13.971014492753623,21.15942028985507,42.72463768115942,78.66666666666667,0.25297081200173127
German Credit,AllFeatures,Balanced,2.335804633739304,20.0,0.7900878596849281,0.6320070865962305,0.6087355982812561,0.5698413408513531,0.586397669305311,0.7057138945174386,0.4043444372046768,0.6977143454747292,0.4777944904131936,25.5,37.18,72.22,130.62,0.2876795639982447
German Credit,AllFeatures,Cost2,4.671609267478608,20.0,0.786406728912009,0.6277596605386865,0.7061912662894003,0.5326561735295843,0.6051552968687911,0.7201478105249839,0.41200835994727997,0.7192239564325117,0.47490243978773733,27.46,36.3,62.82,107.02,0.2919165839930065
German Credit,AllFeatures,Cost5,11.679023168696519,20.0,0.7840004140913455,0.6234808885392671,0.7682413948070171,0.4826791553742003,0.5910891273765577,0.7077563763845837,0.38082825684543303,0.7042116947858059,0.47180649897897176,31.66,38.64,59.58,94.48,0.2863743760017678
German Credit,AllFeatures,Unweighted,1.0,20.0,0.7903688101613544,0.6323657062783401,0.4783380353625389,0.6401457596137183,0.5443340129289268,0.6816761326602924,0.39882139986686044,0.6485086510656459,0.47877099270714374,23.68,39.3,86.16,164.26,0.2742824919964187
German Credit,FrozenChi2Top75,Balanced,2.335804633739304,15.0,0.78727461176675,0.619311532627381,0.6412510394580334,0.5654138509863951,0.5980783463437936,0.7149828226774517,0.4159444882001301,0.7095942838169994,0.48524303486429415,25.56,36.32,68.6,122.4,0.2729155999957584
German Credit,FrozenChi2Top75,Cost2,4.671609267478608,15.0,0.7835453223007954,0.6140728807390498,0.7187581274654748,0.5197509267258895,0.6007874738426277,0.7172111531093813,0.4039490961587655,0.715940101877862,0.47609175633439915,28.38,36.84,62.22,104.52,0.2726337919966318
German Credit,FrozenChi2Top75,Cost5,11.679023168696519,15.0,0.7812190192045629,0.6147380426476847,0.7838722941258731,0.4746789595212156,0.5894164506307585,0.705837829069091,0.37721267026489064,0.7005580324609645,0.4701823750194791,32.56,39.06,58.56,91.06,0.27372837599599736
German Credit,FrozenChi2Top75,Unweighted,1.0,15.0,0.7884336394167986,0.6222831394108276,0.49057614116399195,0.6329473999637026,0.5475793502837392,0.6839532576528906,0.3987271330932572,0.6535942436099149,0.4857727254782616,23.92,39.22,85.12,161.62,0.27005513600772246
Taiwan Credit Card Default,AllFeatures,Balanced,3.5208463086832915,23.0,0.7829795523494706,0.5600948540821908,0.6288990687805145,0.4712812579344183,0.5387066840100898,0.71421007541132,0.3898686770514188,0.7090410953556738,0.4347858612537134,23.82260204183121,32.0319770265306,56.66010198062875,97.70697690412568,0.9732552440022119
Taiwan Credit Card Default,AllFeatures,Cost2,7.041692617366583,23.0,0.7821274174764608,0.559146963475434,0.8238945307298547,0.33458821894045565,0.475870522124098,0.6792391533698592,0.2987807948654855,0.6636069525165634,0.4331265300946104,40.143269320644414,44.03996154741633,55.73003822773207,75.21349936159163,0.9848210359923542
Taiwan Credit Card Default,AllFeatures,Cost5,17.604231543416457,23.0,0.7798818877724404,0.5569090066608209,0.9531891237797998,0.25457697670647017,0.4018067926065689,0.5802102986285557,0.17657574836322268,0.4443060492265112,0.43218412813916524,62.778710782596,63.81539052407775,66.92542974852299,72.10882845593174,0.9891944359987974
Taiwan Credit Card Default,AllFeatures,Unweighted,1.0,23.0,0.7832339217930203,0.5605248823378762,0.3679639111534876,0.6715468985833306,0.4753331436545322,0.6584168767164347,0.4029107729166171,0.5908051363678616,0.4365583339729703,17.96400247455927,31.946001806121362,73.89199980080764,143.8019964586181,0.9361437360011041
Taiwan Credit Card Default,FrozenChi2Top75,Balanced,3.5208463086832915,18.0,0.7825514537327791,0.5592416058709261,0.6298677476757738,0.47073667619787796,0.5386829120573539,0.7143057940762289,0.38974797282761864,0.7092316017327892,0.43548714562918045,23.86191794635816,32.0499673664665,56.61411562679151,97.55436272733319,0.8586382679990493
Taiwan Credit Card Default,FrozenChi2Top75,Cost2,7.041692617366583,18.0,0.7816270447240781,0.5580229773913605,0.828580882861119,0.33133599735961355,0.4733425571624181,0.6768272159318869,0.2952438863158832,0.6595480715004695,0.4337328368793756,40.780654419242786,44.57403485150503,55.954176148291765,74.92107830960299,0.8598516719951295
Taiwan Credit Card Default,FrozenChi2Top75,Cost5,17.604231543416457,18.0,0.7799591980013899,0.5567709798598844,0.9563108369953776,0.2538140258028417,0.4011323544618286,0.5788654392106521,0.17574966292019387,0.4387612553387942,0.4312990557175854,63.16205637280712,64.12940299240418,67.03144285119531,71.86817594918053,0.8441269440040924
Taiwan Credit Card Default,FrozenChi2Top75,Unweighted,1.0,18.0,0.782617406583378,0.560104906950744,0.36699902438811244,0.6749375347025065,0.47538452864681974,0.6583923573567593,0.4041849419642982,0.5903258312886553,0.43616588577045334,17.914005132112877,31.917332240779906,73.92731356678101,143.94394911011617,0.8629175120079889
